<?xml version="1.0" encoding="utf-8"?>
<DocFWImport>
	<Header senderID="RP" receiverID="Tunnel" SendDateTime="06/10/2019 09:10:10" extDocControlID="" />
	<Request>
		<DocRouteDetail RouteID="3529910" ScheduleID="599" ResourceID="3532013" ScheduleKey="NorCal_AVL" ResourceKey="3116_12_20190610_A" ModifiedBy="14" ModifyDate="2019-06-10T09:10:06.407000000" CreatedDate="2019-06-05T11:23:32.297000000" LastReportedStatus="1" ModifyCount="6" PublishRoute="1" MasterRoute="0" AVLCounter="0" AVLStatus="0" FreezeInd="False" LockInd="False" LastPublishedDate="2019-06-10T09:10:10.053000000" PublishSource="5" DockSlotStartTime="2019-06-10T12:00:00" UDFString1="12" UDFString2="21-232907" UDFString3="2255 GELLERT BLVD, S SAN FRANCISCO, CA, 94080" UDFString5="Safeway" AllowEarlyRest="True" BreakDuration="0" BreakTimeOnDutyInd="True" PenaltyPerOrder="0" EarliestEndDate="2019-06-10T12:00:00" EarliestStartDate="2019-06-10T12:00:00" EarlyRestTimeThreshold="7200" EarlyRestWaitThreshold="0" FirstStopTimeThreshold="0" InitialLocationKey="3116" FinalLocationKey="3116" WaitTimePenalty="0" LatestEndDate="2019-06-10T14:00:00" LatestEndPenalty="10000" LatestStartDate="2019-06-10T14:00:00" MaxDrivingTimeBeforeRest="18000" MaxElapsedDuration="0" MaxDwellDuration="0" MaxElapsedTimeBeforeBreak="0" MaxElapsedTimeBeforeRest="18000" MaxDistance="0" MaxNumberOfBreaks="0" MaxStops="13" Measure1="72" Measure1Factor="1" Measure2="24" Measure2Factor="1" Measure3="16" Measure3Factor="1" Measure4="0" Measure4Factor="1" Measure5="0" Measure5Factor="1" Measure6="0" Measure6Factor="1" Measure7="0" Measure7Factor="1" Measure8="0" Measure8Factor="1" Measure9="0" Measure9Factor="1" MinPaidOrders="0" MinTravelDistance="0" MissedWindowPenalty="1" PreServiceDuration="0" Profit="0" Requirements="S12 3116" RestDuration="1800" SameStopBonus="5000" ServiceDuration="0" ServiceSpeedFactor="1" Speed1="0" Speed2="0" Speed3="0" Speed4="0" Speed5="0" Speed6="0" Speed7="0" Speed1Threshold="0" Speed2Threshold="0" Speed4Threshold="0" Speed5Threshold="0" Speed6Threshold="0" Speed7Threshold="0" UseFullWaitAsRestInd="False" Work1Penalty="4.0000000000000001E-2" Work2Penalty="8.9999999999999997E-2" Work3Penalty="0.17999999999999999" Work4Penalty="0.25" Work5Penalty="0.5" Work6Penalty="1" Work7Penalty="100" Work1Duration="3600" Work2Duration="7200" Work3Duration="10800" Work4Duration="14400" Work5Duration="18000" Work6Duration="21600" Work7Duration="0" ServicePenalty="500" RechargeDuration="0" InitialServiceDuration="0" OpportunisticEarlyRest="True" DiscountInitialLeg="0" WorkWeekLength="0" WorkWeekLimit="0" WeeklyRestLength="0" WorkWeekResetTime="0" WorkWeekHistory1="0" WorkWeekHistory2="0" WorkWeekHistory3="0" WorkWeekHistory4="0" WorkWeekHistory5="0" WorkWeekHistory6="0" WorkWeekHistory7="0" WorkWeekHistory8="0" WorkWeekHistory9="0" WorkWeekHistory10="0" WorkWeekHistory11="0" WorkWeekHistory12="0" WorkWeekHistory13="0" WorkWeekHistory14="0" Name="3116 12A" StartupTime="0" SkipInitialLoadTime="False" Weight="0" Height="0" Length="0" Width="0" EndVehicleFullEmpty="False" AllowEmptyStart="False" RechargeToCapacity="False" AllowRecharges="True" RoutePositionInd="True" AlwaysHazMat="False" RechargePolicy="0" MinInterStopTravelTime="0" PreventDropsBeforePicksInTrip="False" SkillSetReq="" ScheduleNewStop="0" ScheduleAllowPartialDelivery="False" ScheduleCreateReturnOnMiss="0" TotalPickupStops="0" TotalDeliveryStops="0" MapEditorOrgName="QNV012551,52065_DCF_009137209_Safeway" UseCallOutNotifyInd="0" ServerName="QNV01253B">
			<DocStop StopID="18785144" RouteID="3529910" ScheduleID="599" StopNumber="0" ScheduleKey="NorCal_AVL" LocationKey="3116" ModifiedBy="14" ModifyDate="2019-06-10T09:10:06.413000000" CreatedDate="2019-06-05T11:23:32.300000000" ProjectedDeltaDistance="0" Status="1" Type="0" LocationType="DEPOT" State="1" MasterRoute="0" AVLStatus="0" LocationID="58151" Latitude="37.645530000000001" Longitude="-122.45356" ResourceKey="3116_12_20190610_A" AllowMiss="1">
				<FWStopLocation StopLocationID="18785144" StopID="18785144" LocationKey="3116" GeocodeScore="4500" GeocodeQuality="0" GeocodeSource="n7cahinv.lmb" GeocodeType="NORMAL" ShipStreetName="2255 GELLERT BLVD" ShipCity="S SAN FRANCISCO" ShipState="CA" ShipZipcode="94080" Type="DEPOT" Status="MASTER" Name="S SAN FRANCISCO" LocationServiceDuration="0" Latitude="37.64553" Longitude="-122.45356"></FWStopLocation>
				<DocLocation LocationID="58151" LocationKey="3116" CreatedDate="2008-09-10T10:00:38.503000000" Latitude="37.64553" Longitude="-122.45356" GeocodeFilter="0" GeocodeLatitude="37.64553" GeocodeLongitude="-122.45356" GeocodePolicy="2" GeocodeQuality="0" GeocodeScore="4500" GeocodeSource="n7cahinv.lmb" GeocodeType="NORMAL" Measure1RechargeRate="0" Measure2RechargeRate="0" Measure3RechargeRate="0" Measure4RechargeRate="0" Measure5RechargeRate="0" Measure6RechargeRate="0" Measure7RechargeRate="0" Measure8RechargeRate="0" Measure9RechargeRate="0" PreServiceDuration="0" ServiceDuration="0" ShipCity="S SAN FRANCISCO" ShipState="CA" ShipStreetName="2255 GELLERT BLVD" ShipZipcode="94080" Status="MASTER" Type="DEPOT" Measure1="0" Measure2="0" Measure3="0" Measure4="0" Measure5="0" Measure6="0" Measure7="0" Measure8="0" Measure9="0" Name="S SAN FRANCISCO" UDFString2="21-232907" LockLatLong="False" MaxDockDoors="0"></DocLocation>
			</DocStop>
			<DocStop StopID="18785145" RouteID="3529910" ScheduleID="599" StopNumber="1" ScheduleKey="NorCal_AVL" LocationKey="3116" ModifiedBy="14" ModifyDate="2019-06-10T09:10:06.413000000" CreatedDate="2019-06-05T11:23:32.300000000" ProjectedDeltaDistance="0" Status="1" Type="1" LocationType="DEPOT" State="1" MasterRoute="0" AVLStatus="0" LocationID="58151" Latitude="37.645530000000001" Longitude="-122.45356" ResourceKey="3116_12_20190610_A" AllowMiss="1">
				<FWStopLocation StopLocationID="18785145" StopID="18785145" LocationKey="3116" GeocodeScore="4500" GeocodeQuality="0" GeocodeSource="n7cahinv.lmb" GeocodeType="NORMAL" ShipStreetName="2255 GELLERT BLVD" ShipCity="S SAN FRANCISCO" ShipState="CA" ShipZipcode="94080" Type="DEPOT" Status="MASTER" Name="S SAN FRANCISCO" LocationServiceDuration="0" Latitude="37.64553" Longitude="-122.45356"></FWStopLocation>
				<DocLocation LocationID="58151" LocationKey="3116" CreatedDate="2008-09-10T10:00:38.503000000" Latitude="37.64553" Longitude="-122.45356" GeocodeFilter="0" GeocodeLatitude="37.64553" GeocodeLongitude="-122.45356" GeocodePolicy="2" GeocodeQuality="0" GeocodeScore="4500" GeocodeSource="n7cahinv.lmb" GeocodeType="NORMAL" Measure1RechargeRate="0" Measure2RechargeRate="0" Measure3RechargeRate="0" Measure4RechargeRate="0" Measure5RechargeRate="0" Measure6RechargeRate="0" Measure7RechargeRate="0" Measure8RechargeRate="0" Measure9RechargeRate="0" PreServiceDuration="0" ServiceDuration="0" ShipCity="S SAN FRANCISCO" ShipState="CA" ShipStreetName="2255 GELLERT BLVD" ShipZipcode="94080" Status="MASTER" Type="DEPOT" Measure1="0" Measure2="0" Measure3="0" Measure4="0" Measure5="0" Measure6="0" Measure7="0" Measure8="0" Measure9="0" Name="S SAN FRANCISCO" UDFString2="21-232907" LockLatLong="False" MaxDockDoors="0"></DocLocation>
			</DocStop>
		</DocRouteDetail>
		<DocRouteDetail RouteID="3530292" ScheduleID="599" ResourceID="3532395" ScheduleKey="NorCal_AVL" ResourceKey="3116_12_20190610_B" ModifiedBy="14" ModifyDate="2019-06-10T09:10:06.407000000" CreatedDate="2019-06-05T23:22:56.827000000" LastReportedStatus="1" ModifyCount="6" PublishRoute="1" MasterRoute="0" AVLCounter="0" AVLStatus="0" FreezeInd="False" LockInd="False" LastPublishedDate="2019-06-10T09:10:10.053000000" PublishSource="5" DockSlotStartTime="2019-06-10T12:00:00" UDFString1="12" UDFString2="21-232907" UDFString3="2255 GELLERT BLVD, S SAN FRANCISCO, CA, 94080" UDFString5="Safeway" AllowEarlyRest="True" BreakDuration="0" BreakTimeOnDutyInd="True" PenaltyPerOrder="0" EarliestEndDate="2019-06-10T12:00:00" EarliestStartDate="2019-06-10T12:00:00" EarlyRestTimeThreshold="7200" EarlyRestWaitThreshold="0" FirstStopTimeThreshold="0" InitialLocationKey="3116" FinalLocationKey="3116" WaitTimePenalty="0" LatestEndDate="2019-06-10T14:00:00" LatestEndPenalty="10000" LatestStartDate="2019-06-10T14:00:00" MaxDrivingTimeBeforeRest="18000" MaxElapsedDuration="0" MaxDwellDuration="0" MaxElapsedTimeBeforeBreak="0" MaxElapsedTimeBeforeRest="18000" MaxDistance="0" MaxNumberOfBreaks="0" MaxStops="13" Measure1="72" Measure1Factor="1" Measure2="24" Measure2Factor="1" Measure3="16" Measure3Factor="1" Measure4="0" Measure4Factor="1" Measure5="0" Measure5Factor="1" Measure6="0" Measure6Factor="1" Measure7="0" Measure7Factor="1" Measure8="0" Measure8Factor="1" Measure9="0" Measure9Factor="1" MinPaidOrders="0" MinTravelDistance="0" MissedWindowPenalty="1" PreServiceDuration="0" Profit="0" Requirements="S12 3116" RestDuration="1800" SameStopBonus="5000" ServiceDuration="0" ServiceSpeedFactor="1" Speed1="0" Speed2="0" Speed3="0" Speed4="0" Speed5="0" Speed6="0" Speed7="0" Speed1Threshold="0" Speed2Threshold="0" Speed4Threshold="0" Speed5Threshold="0" Speed6Threshold="0" Speed7Threshold="0" UseFullWaitAsRestInd="False" Work1Penalty="4.0000000000000001E-2" Work2Penalty="8.9999999999999997E-2" Work3Penalty="0.17999999999999999" Work4Penalty="0.25" Work5Penalty="0.5" Work6Penalty="1" Work7Penalty="100" Work1Duration="3600" Work2Duration="7200" Work3Duration="10800" Work4Duration="14400" Work5Duration="18000" Work6Duration="21600" Work7Duration="0" ServicePenalty="500" RechargeDuration="0" InitialServiceDuration="0" OpportunisticEarlyRest="True" DiscountInitialLeg="0" WorkWeekLength="0" WorkWeekLimit="0" WeeklyRestLength="0" WorkWeekResetTime="0" WorkWeekHistory1="0" WorkWeekHistory2="0" WorkWeekHistory3="0" WorkWeekHistory4="0" WorkWeekHistory5="0" WorkWeekHistory6="0" WorkWeekHistory7="0" WorkWeekHistory8="0" WorkWeekHistory9="0" WorkWeekHistory10="0" WorkWeekHistory11="0" WorkWeekHistory12="0" WorkWeekHistory13="0" WorkWeekHistory14="0" Name="3116 12B" StartupTime="0" SkipInitialLoadTime="False" Weight="0" Height="0" Length="0" Width="0" EndVehicleFullEmpty="False" AllowEmptyStart="False" RechargeToCapacity="False" AllowRecharges="True" RoutePositionInd="True" AlwaysHazMat="False" RechargePolicy="0" MinInterStopTravelTime="0" PreventDropsBeforePicksInTrip="False" SkillSetReq="" ScheduleNewStop="0" ScheduleAllowPartialDelivery="False" ScheduleCreateReturnOnMiss="0" TotalPickupStops="0" TotalDeliveryStops="0" MapEditorOrgName="QNV012551,52065_DCF_009137209_Safeway" UseCallOutNotifyInd="0" ServerName="QNV01253B">
			<DocStop StopID="18786051" RouteID="3530292" ScheduleID="599" StopNumber="0" ScheduleKey="NorCal_AVL" LocationKey="3116" ModifiedBy="14" ModifyDate="2019-06-10T09:10:06.413000000" CreatedDate="2019-06-05T23:22:56.837000000" ProjectedDeltaDistance="0" Status="1" Type="0" LocationType="DEPOT" State="1" MasterRoute="0" AVLStatus="0" LocationID="58151" Latitude="37.645530000000001" Longitude="-122.45356" ResourceKey="3116_12_20190610_B" AllowMiss="1">
				<FWStopLocation StopLocationID="18786051" StopID="18786051" LocationKey="3116" GeocodeScore="4500" GeocodeQuality="0" GeocodeSource="n7cahinv.lmb" GeocodeType="NORMAL" ShipStreetName="2255 GELLERT BLVD" ShipCity="S SAN FRANCISCO" ShipState="CA" ShipZipcode="94080" Type="DEPOT" Status="MASTER" Name="S SAN FRANCISCO" LocationServiceDuration="0" Latitude="37.64553" Longitude="-122.45356"></FWStopLocation>
				<DocLocation LocationID="58151" LocationKey="3116" CreatedDate="2008-09-10T10:00:38.503000000" Latitude="37.64553" Longitude="-122.45356" GeocodeFilter="0" GeocodeLatitude="37.64553" GeocodeLongitude="-122.45356" GeocodePolicy="2" GeocodeQuality="0" GeocodeScore="4500" GeocodeSource="n7cahinv.lmb" GeocodeType="NORMAL" Measure1RechargeRate="0" Measure2RechargeRate="0" Measure3RechargeRate="0" Measure4RechargeRate="0" Measure5RechargeRate="0" Measure6RechargeRate="0" Measure7RechargeRate="0" Measure8RechargeRate="0" Measure9RechargeRate="0" PreServiceDuration="0" ServiceDuration="0" ShipCity="S SAN FRANCISCO" ShipState="CA" ShipStreetName="2255 GELLERT BLVD" ShipZipcode="94080" Status="MASTER" Type="DEPOT" Measure1="0" Measure2="0" Measure3="0" Measure4="0" Measure5="0" Measure6="0" Measure7="0" Measure8="0" Measure9="0" Name="S SAN FRANCISCO" UDFString2="21-232907" LockLatLong="False" MaxDockDoors="0"></DocLocation>
			</DocStop>
			<DocStop StopID="18786052" RouteID="3530292" ScheduleID="599" StopNumber="1" ScheduleKey="NorCal_AVL" LocationKey="3116" ModifiedBy="14" ModifyDate="2019-06-10T09:10:06.413000000" CreatedDate="2019-06-05T23:22:56.837000000" ProjectedDeltaDistance="0" Status="1" Type="1" LocationType="DEPOT" State="1" MasterRoute="0" AVLStatus="0" LocationID="58151" Latitude="37.645530000000001" Longitude="-122.45356" ResourceKey="3116_12_20190610_B" AllowMiss="1">
				<FWStopLocation StopLocationID="18786052" StopID="18786052" LocationKey="3116" GeocodeScore="4500" GeocodeQuality="0" GeocodeSource="n7cahinv.lmb" GeocodeType="NORMAL" ShipStreetName="2255 GELLERT BLVD" ShipCity="S SAN FRANCISCO" ShipState="CA" ShipZipcode="94080" Type="DEPOT" Status="MASTER" Name="S SAN FRANCISCO" LocationServiceDuration="0" Latitude="37.64553" Longitude="-122.45356"></FWStopLocation>
				<DocLocation LocationID="58151" LocationKey="3116" CreatedDate="2008-09-10T10:00:38.503000000" Latitude="37.64553" Longitude="-122.45356" GeocodeFilter="0" GeocodeLatitude="37.64553" GeocodeLongitude="-122.45356" GeocodePolicy="2" GeocodeQuality="0" GeocodeScore="4500" GeocodeSource="n7cahinv.lmb" GeocodeType="NORMAL" Measure1RechargeRate="0" Measure2RechargeRate="0" Measure3RechargeRate="0" Measure4RechargeRate="0" Measure5RechargeRate="0" Measure6RechargeRate="0" Measure7RechargeRate="0" Measure8RechargeRate="0" Measure9RechargeRate="0" PreServiceDuration="0" ServiceDuration="0" ShipCity="S SAN FRANCISCO" ShipState="CA" ShipStreetName="2255 GELLERT BLVD" ShipZipcode="94080" Status="MASTER" Type="DEPOT" Measure1="0" Measure2="0" Measure3="0" Measure4="0" Measure5="0" Measure6="0" Measure7="0" Measure8="0" Measure9="0" Name="S SAN FRANCISCO" UDFString2="21-232907" LockLatLong="False" MaxDockDoors="0"></DocLocation>
			</DocStop>
		</DocRouteDetail>
	</Request>
</DocFWImport>