<GetItemMasterRetail
	xmlns:Abs="http://collab.safeway.com/it/architecture/info/default.aspx">
	<DocumentData>
		<Document>
			<Abs:InboundOutboundInd>Outbound from Albertson</Abs:InboundOutboundInd>
			<Abs:DocumentNm>RetailItem</Abs:DocumentNm>
			<Abs:CreationDt>2019-01-14T19:16:01.126Z</Abs:CreationDt>
			<Abs:SourceApplicationCd>Mainframe(SSIMS)</Abs:SourceApplicationCd>
			<Abs:TargetApplicationCd>EDIS</Abs:TargetApplicationCd>
			<Abs:GatewayNm>GoldenGate CDC</Abs:GatewayNm>
		</Document>
		<DocumentAction>
			<Abs:ActionTypeCd>Update</Abs:ActionTypeCd>
			<Abs:RecordTypeCd>Change</Abs:RecordTypeCd>
		</DocumentAction>
	</DocumentData>
	<RetailItemData>
		<Abs:CorporationId>001</Abs:CorporationId>
		<Abs:DivisionId>30</Abs:DivisionId>
		<Abs:ROGCd>SNCA</Abs:ROGCd>
		<!-- <Abs:CorporateItemCd>1010197</Abs:CorporateItemCd> -->
		<Abs:CorporateItem>
			<Abs:CorporateItemCd>1010197</Abs:CorporateItemCd>
		</Abs:CorporateItem>
		<Abs:RetailScanCd QualifierCd="">
			<Abs:UPCNbr>008680086022</Abs:UPCNbr>
			<Abs:UPCTxt>008680086022</Abs:UPCTxt>
		</Abs:RetailScanCd>
		<Abs:ProductHierarchy>
			<Abs:ProductGroup>
				<Abs:ProductGroupCd>1</Abs:ProductGroupCd>
				<Abs:ProductGroupNm>CANDY, GUM, &amp; MINTS                           </Abs:ProductGroupNm>
			</Abs:ProductGroup>
			<Abs:ProductCategoryCd>
				<Abs:ProductCategoryCd>1</Abs:ProductCategoryCd>
				<Abs:ProductCategoryNm>INSTANT CONSUMABLE CANDY/GUM/MINTS (FRONT END)</Abs:ProductCategoryNm>
			</Abs:ProductCategoryCd>
			<Abs:ProductClassCd>
				<Abs:ProductClassCd>5</Abs:ProductClassCd>
				<Abs:ProductClassNm>GUM INSTANT CONSUMABLE (FRONT END)            </Abs:ProductClassNm>
				<Abs:RetailSectionCd>318</Abs:RetailSectionCd>
			</Abs:ProductClassCd>
			<Abs:ProductSubClassLevel1>
				<Abs:ProductSubClassLevel1Cd>5</Abs:ProductSubClassLevel1Cd>
				<Abs:ProductSubClassLevel1Nm>SUGAR FREE GUM INSTANT CONSUMABLE (FRONT END) </Abs:ProductSubClassLevel1Nm>
			</Abs:ProductSubClassLevel1>
			<Abs:ProductSubClassLevel2>
				<Abs:ProductSubClassLevel2Cd>0</Abs:ProductSubClassLevel2Cd>
				<Abs:ProductSubClassLevel2Nm>SUGAR FREE GUM INSTANT CONSUMABLE (FRONT END) </Abs:ProductSubClassLevel2Nm>
			</Abs:ProductSubClassLevel2>
		</Abs:ProductHierarchy>
		<Abs:ItemDsc>
			<Abs:RetailItemDsc>ORBIT BUBBLEMINT SUGARFREE GUM                                  </Abs:RetailItemDsc>
			<Abs:InternetItemDsc>ORBIT BUBBLEMINT SUGARFREE GUM                                             </Abs:InternetItemDsc>
			<Abs:WarehouseItemDsc>ORBIT SUGARFREE GUM BUBBLEMINT</Abs:WarehouseItemDsc>
			<Abs:VendorItemDsc>ORBIT SUGARFREE GUM BUBBLEMINT          </Abs:VendorItemDsc>
		</Abs:ItemDsc>
		<Abs:ItemId>
			<Abs:UPC Qualifier="">
				<Abs:UPCNbr>00000220001475</Abs:UPCNbr>
				<Abs:UPCTxt>00220001475</Abs:UPCTxt>
			</Abs:UPC>
			<Abs:VendorProductID>0022000247384</Abs:VendorProductID>
			<Abs:ManufProductId>24738 </Abs:ManufProductId>
			<Abs:InternalItemId>1010197</Abs:InternalItemId>
			<Abs:BranchItemCd>41246</Abs:BranchItemCd>
			<Abs:ItemDescription>ORBIT SUGARFREE GUM BUBBLEMINT          </Abs:ItemDescription>
		</Abs:ItemId>
		<Abs:ShelfUnitDimensions>
			<Abs:ShelfUnitSizeDsc>55 CT     </Abs:ShelfUnitSizeDsc>
			<Abs:SizeQty>55</Abs:SizeQty>
			<Abs:SizeUOMCd>CT</Abs:SizeUOMCd>
			<Abs:AlternateSizeInd></Abs:AlternateSizeInd>
			<Abs:AlternateSizeDsc></Abs:AlternateSizeDsc>
			<Abs:ItemHeight>0</Abs:ItemHeight>
			<Abs:ItemDepth>0</Abs:ItemDepth>
			<Abs:ItemWidth>0</Abs:ItemWidth>
			<Abs:ItemPackUOMCd>I</Abs:ItemPackUOMCd>
			<Abs:ItemWt>1.525</Abs:ItemWt>
			<Abs:ItemWtUOM>LB</Abs:ItemWtUOM>
			<Abs:InnerPackQty>1</Abs:InnerPackQty>
			<Abs:ShelfPackageCd>6</Abs:ShelfPackageCd>
		</Abs:ShelfUnitDimensions>
		<Abs:ScaleUnitDimension/>
		<Abs:CommonItemGroup>
			<Abs:CommonRetailCd>0</Abs:CommonRetailCd>
			<Abs:CommonPromotionCd>70435</Abs:CommonPromotionCd>
			<Abs:ConsumerSellingCd>506843</Abs:ConsumerSellingCd>
			<Abs:ComparisonItemTypeCd>0</Abs:ComparisonItemTypeCd>
		</Abs:CommonItemGroup>
		<Abs:RetailStoreLevelAttributes>
			<Abs:RetailStoreId>5201</Abs:RetailStoreId>
			<Abs:CorporateItemCd>1010197</Abs:CorporateItemCd>
			<Abs:ItemSourcingType>
				<Abs:DSDInd>1</Abs:DSDInd>
				<Abs:WarehouseInd>1</Abs:WarehouseInd>
				<Abs:ManufacturingPlantInd>1</Abs:ManufacturingPlantInd>
				<Abs:WholesaleInd>1</Abs:WholesaleInd>
				<Abs:StoreCreatedItemInd>1</Abs:StoreCreatedItemInd>
			</Abs:ItemSourcingType>
			<Abs:WICItemInd></Abs:WICItemInd>
			<Abs:FSAEligibleInd></Abs:FSAEligibleInd>
			<Abs:BottleDepositCd>0</Abs:BottleDepositCd>
		</Abs:RetailStoreLevelAttributes>
		<Abs:Brand>
			<Abs:BrandCd>0</Abs:BrandCd>
		</Abs:Brand>
		<Abs:ScaleData/>
		<Abs:OrganicItemInd></Abs:OrganicItemInd>
	</RetailItemData>
</GetItemMasterRetail>