<DocFWImport>
<Header senderID="RP" receiverID="Tunnel" SendDateTime="06/05/2019 15:10:29" extDocControlID=""/>
<Request>
<DocRouteDetail RouteID="3530022" ScheduleID="599" ResourceID="3532125" ScheduleKey="NorCal_AVL" ResourceKey="3116_18_20190605_A" ModifiedBy="167" ModifyDate="2019-06-05T15:10:26.983000000" CreatedDate="2019-06-05T12:39:09.400000000" ProjectedDistance="48530.74523925782" ProjectedElapsedTime="11071" NumberOfStops="9" ProjectedBreaks="0" ProjectedRests="0" ProjectedDepartedDate="2019-06-05T18:00:00" ProjectedArrivedDate="2019-06-05T21:04:31" PlannedDepartedDate="2019-06-05T18:00:00" PlannedArrivedDate="2019-06-05T21:04:31" ProjectedOnBoard1="54" ProjectedSlackTime="0" ProjectedTimeDriven="3871" Type="1" ProjectedWaitTime="0" ProjectedWorkTime="7200" ProjectedViolation="512" ProjectedProfit="43741.572919901839" LastReportedStatus="1" ModifyCount="14" ProjectedCompletedDate="2019-06-05T20:37:34" ProjectedBegunDate="2019-06-05T18:26:05" MasterRoute="0" AVLCounter="0" AVLStatus="0" FreezeInd="False" ProjectedOnBoard2="15" ProjectedOnBoard3="16" ProjectedOnBoard4="0" PlannedNumberOfStops="9" PlannedTimeDriven="3871" PlannedDistance="48531" PlannedElapsedTime="11071" PlannedWorkTime="7200" ProjectedWorkUnits="0" LockInd="False" OnBoardMeasure1="18" OnBoardMeasure2="9" OnBoardMeasure3="0" OnBoardMeasure4="0" OnBoardMeasure5="0" OnBoardMeasure6="0" OnBoardMeasure7="0" OnBoardMeasure8="0" OnBoardMeasure9="0" BGOLastReportedTime="2019-06-05T14:39:41" DockSlotStartTime="2019-06-05T18:00:00" UDFString1="18" UDFString2="21-232907" UDFString3="2255 GELLERT BLVD, S SAN FRANCISCO, CA, 94080" UDFString5="Safeway" AllowEarlyRest="True" BreakDuration="0" BreakTimeOnDutyInd="True" PenaltyPerOrder="0" EarliestEndDate="2019-06-05T18:00:00" EarliestStartDate="2019-06-05T18:00:00" EarlyRestTimeThreshold="7200" EarlyRestWaitThreshold="0" FirstStopTimeThreshold="0" InitialLocationKey="3116" FinalLocationKey="3116" WaitTimePenalty="0" LatestEndDate="2019-06-05T22:00:00" LatestEndPenalty="10000" LatestStartDate="2019-06-05T22:00:00" MaxDrivingTimeBeforeRest="18000" MaxElapsedDuration="0" MaxDwellDuration="0" MaxElapsedTimeBeforeBreak="0" MaxElapsedTimeBeforeRest="18000" MaxDistance="0" MaxNumberOfBreaks="0" MaxStops="13" Measure1="72" Measure1Factor="1" Measure2="24" Measure2Factor="1" Measure3="16" Measure3Factor="1" Measure4="0" Measure4Factor="1" Measure5="0" Measure5Factor="1" Measure6="0" Measure6Factor="1" 
<FWStopOrderLine LineID="18781496:342006601" StopID="18781496" RouteID="3530022" OrderKey="114906303116" ModifyDate="2019-06-04T12:33:24" ModifiedBy="14" OrderLineID="342006601" OrderID="15489727" ProductKey="0001090008031" CreatedDate="2019-06-04T12:33:43.670000000" ProductName="REYNOLDS ALUMINUM FOIL WRAP 30" ActivityID="11727256" ActivityKey="114906303116_11490630_DROPOFF" UDFString1="ITEM" UDFString2="10" Quantity="1" c102="114906303116"/>
<FWStopOrderLine LineID="18781496:342006602" StopID="18781496" RouteID="3530022" OrderKey="114906303116" ModifyDate="2019-06-04T12:33:24" ModifiedBy="14" OrderLineID="342006602" OrderID="15489727" ProductKey="0002113010560" CreatedDate="2019-06-04T12:33:43.670000000" ProductName="S SEL/KTCHNS PIE CRUST DEEP DISH 2PK 9IN" ActivityID="11727256" ActivityKey="114906303116_11490630_DROPOFF" UDFString1="ITEM" UDFString2="11" Quantity="2" c102="114906303116"/>
<FWStopOrderLine LineID="18781496:342006603" StopID="18781496" RouteID="3530022" OrderKey="114906303116" ModifyDate="2019-06-04T12:33:24" ModifiedBy="14" OrderLineID="342006603" OrderID="15489727" ProductKey="0007989340150" CreatedDate="2019-06-04T12:33:43.670000000" ProductName="O ORGNC EGGS BROWN LARGE GRADE A" ActivityID="11727256" ActivityKey="114906303116_11490630_DROPOFF" UDFString1="ITEM" UDFString2="12" Quantity="1" c102="114906303116"/>
<FWActivityWindow ActivityWindowID="16045795" ActivityID="11727256" CreatedDate="2019-06-04T12:33:43.647000000" Type="ARRIVE" EarliestTime="1900-12-30T18:00:00" LatestTime="1900-12-30T19:00:00" EarliestDate="2019-06-05T00:00:00" LatestDate="2019-06-05T00:00:00" ModifiedBy="14" ModifyDate="2019-06-04T12:33:24" OpenDateTime="2019-06-05T18:00:00" CloseDateTime="2019-06-05T19:00:00"/>
<DocLocation LocationID="11621755" LocationKey="11490630" CreatedBy="14" CreatedDate="2019-06-04T12:33:37.300000000" ContactFirstName="Clint" ContactLastName="Barton 30" ContactPhone="5105142815" Latitude="37.78657" Longitude="-122.39350" GeocodeFilter="0" GeocodeLatitude="37.78657" GeocodeLongitude="-122.39350" GeocodePolicy="2" GeocodeQuality="0" GeocodeScore="4500" GeocodeSource="gt7cahinv.lmb" GeocodeType="NORMAL" Measure1RechargeRate="0" Measure2RechargeRate="0" Measure3RechargeRate="0" Measure4RechargeRate="0" Measure5RechargeRate="0" Measure6RechargeRate="0" Measure7RechargeRate="0" Measure8RechargeRate="0" Measure9RechargeRate="0" PreServiceDuration="0" ServiceDuration="0" ShipCity="San Francisco" ShipCountry="US" ShipState="ca" ShipStreetName="355 1st St" ShipStreetName2="Unit S501" ShipZipcode="94105" Status="MASTER" Type="CUSTOMER" Measure1="0" Measure2="0" Measure3="0" Measure4="0" Measure5="0" Measure6="0" Measure7="0" Measure8="0" Measure9="0" Name="Clint Barton 30" LockLatLong="False" ContactEmail="ecom.rp@albertsons.com" MaxOnboardMeasure1="0" MaxOnboardMeasure2="0" MaxOnboardMeasure3="0" MaxOnboardMeasure4="0" MaxOnboardMeasure5="0" MaxOnboardMeasure6="0" MaxOnboardMeasure7="0" MaxOnboardMeasure8="0" MaxOnboardMeasure9="0" MaxDockDoors="0"/>
</DocStop>
<DocStop StopID="18781497" RouteID="3530022" ScheduleID="599" ActivityID="11727257" GeoStopNumber="4" StopNumber="4" ScheduleKey="NorCal_AVL" OrderKey="114907303116" LocationKey="11490730" ModifiedBy="167" ModifyDate="2019-06-05T15:10:26.987000000" CreatedDate="2019-06-04T12:33:43.860000000" PlannedArrivedDate="2019-06-05T19:13:50" PlannedBegunDate="2019-06-05T19:13:50" PlannedCompletedDate="2019-06-05T19:27:10" PlannedDepartedDate="2019-06-05T19:27:10" ProjectedDeltaPenalty="3.8217604160308838" CustomerStopNumber="4" ProjectedDistance="25452.13623046875" ProjectedBreaks="0" ProjectedRests="0" PhysicalStopNumber="4" ProjectedArrivalDate="2019-06-05T19:13:50" ProjectedBegunDate="2019-06-05T19:13:50" ProjectedCompletedDate="2019-06-05T19:27:10" ProjectedDeltaElapsedTime="1265" ProjectedDeltaDistance="2202.15380859375" ProjectedDepartDate="2019-06-05T19:27:10" ProjectedElapsedTime="5230" Status="1" ProjectedTimeDriven="2030" Type="3" ProjectedBreakTime="0" ProjectedRestTime="0" ProjectedWaitTime="0" ProjectedWorkTime="800" ProjectedSlackTime="0" ProjectedDeltaTimeDriven="465" ProjectedProfit="19395.641789297104" ProjectedViolation="0" LocationType="CUSTOMER" OnBoardMeasure1="10" MasterRoute="0" AVLStatus="0" OnBoardMeasure2="5" OnBoardMeasure3="0" OnBoardMeasure4="0" PlannedStopNumber="4" PlannedDistance="25452" PlannedTimeDriven="2030" PlannedElapsedTime="5230" OrderID="15489728" LocationID="11621756" PlannedWorkTime="800" ProjectedWorkUnits="0" ResidualMeasure1="62" ResidualMeasure2="19" ResidualMeasure3="16" ResidualMeasure4="0" OnboardPathingHazmat="0" RoadPath="0" PathingWeight="-1" PlannedGeoStopNumber="4" InterspersableInd="True" Measure1="2" Measure2="1" Measure3="0" Measure4="0" Measure5="0" Measure6="0" Measure7="0" Measure8="0" Measure9="0" ServiceDuration="800" Profit="5000" Requirements="S18 3116" ActivityKey="114907303116_11490730_DROPOFF" Latitude="37.790801525115967" Longitude="-122.41155724972486" ResourceKey="3116_18_20190605_A" RootOrderKey="114907303116" UDFString1="11490730" UDFString2="18" UDFString3="3116" UDFString5="ATTENDED" UDFString6="R" UDFDateTime1="2019-06-05T18:00:00" UDFDateTime2="2019-06-05T20:00:00" AllowMiss="1" SelectedWindowOpenDateTime="2019-06-05T18:00:00" SelectedWindowTotalCloseDateTime="2019-06-05T20:00:00" SelectedWindowEarliestDate="2019-06-05T00:00:00" SelectedWindowLatestDate="2019-06-05T00:00:00" SelectedWindowTotalMeasure1="2" SelectedWindowTotalMeasure2="1" SelectedWindowTotalMeasure3="0" SelectedWindowTotalMeasure4="0" SelectedWindowTotalMeasure5="0" SelectedWindowTotalMeasure6="0" SelectedWindowTotalMeasure7="0" SelectedWindowTotalMeasure8="0" SelectedWindowTotalMeasure9="0">
<FWStopLocation StopLocationID="18781497" StopID="18781497" LocationKey="11490730" ContactFirstName="Iron" ContactLastName="Man 30" ContactPhone="5105142815" GeocodeScore="4500" GeocodeQuality="0" GeocodeSource="gt7cahinv.lmb" GeocodeType="NORMAL" ShipStreetName="950 Pine St" ShipStreetName2="Apt 107" ShipCity="San Francisco" ShipState="ca" ShipZipcode="94108" ShipCountry="US" Type="CUSTOMER" Status="MASTER" UDFString1="11490730" UDFString2="18" UDFString3="3116" UDFString5="ATTENDED" UDFString6="R" OnBoardMeasurePct1="500" ProjectedTimeUtilPct="36.319444444444443" Name="Iron Man 30" LocationServiceDuration="0" ContactEmail="ecom.rp@albertsons.com" Latitude="37.79080" Longitude="-122.41156"/>
<FWStopOrderLine LineID="18781497:342006604" StopID="18781497" RouteID="3530022" OrderKey="114907303116" ModifyDate="2019-06-04T12:33:24" ModifiedBy="14" OrderLineID="342006604" OrderID="15489728" ProductKey="0007007455958" CreatedDate="2019-06-04T12:33:43.880000000" ProductName="SIMILAC ADV CMPLT NUTRITION MAKES 94FZ" ActivityID="11727257" ActivityKey="114907303116_11490730_DROPOFF" UDFString1="ITEM" UDFString2="2" Quantity="1" c102="114907303116"/>
<FWStopOrderLine LineID="18781497:342006605" StopID="18781497" RouteID="3530022" OrderKey="114907303116" ModifyDate="2019-06-04T12:33:24" ModifiedBy="14" OrderLineID="342006605" OrderID="15489728" ProductKey="0007007458062" CreatedDate="2019-06-04T12:33:43.880000000" ProductName="PEDIASURE VANILLA WITH FIBER BOTTLE" ActivityID="11727257" ActivityKey="114907303116_11490730_DROPOFF" UDFString1="ITEM" UDFString2="4" Quantity="1" c102="114907303116"/>
<FWStopOrderLine LineID="18781497:342006606" StopID="18781497" RouteID="3530022" OrderKey="114907303116" ModifyDate="2019-06-04T12:33:24" ModifiedBy="14" OrderLineID="342006606" OrderID="15489728" ProductKey="0007007458050" CreatedDate="2019-06-04T12:33:43.880000000" ProductName="PEDIASURE VANILLA BOTTLE" ActivityID="11727257" ActivityKey="114907303116_11490730_DROPOFF" UDFString1="ITEM" UDFString2="3" Quantity="1" c102="114907303116"/>
<FWStopOrderLine LineID="18781497:342006607" StopID="18781497" RouteID="3530022" OrderKey="114907303116" ModifyDate="2019-06-04T12:33:24" ModifiedBy="14" OrderLineID="342006607" OrderID="15489728" ProductKey="90000000022154" CreatedDate="2019-06-04T12:33:43.880000000" ProductName="Delivery Fee" ActivityID="11727257" ActivityKey="114907303116_11490730_DROPOFF" UDFString1="FEE" UDFString2="1" Quantity="1" c102="114907303116"/>
<FWStopOrderLine LineID="18781497:342006608" StopID="18781497" RouteID="3530022" OrderKey="114907303116" ModifyDate="2019-06-04T12:33:24" ModifiedBy="14" OrderLineID="342006608" OrderID="15489728" ProductKey="0003307430133" CreatedDate="2019-06-04T12:33:43.880000000" ProductName="ASPARAGUS GREEN" ActivityID="11727257" ActivityKey="114907303116_11490730_DROPOFF" UDFString1="ITEM" UDFString2="5" Quantity="1" c102="114907303116"/>
<FWStopOrderLine LineID="18781497:342006609" StopID="18781497" RouteID="3530022" OrderKey="114907303116" ModifyDate="2019-06-04T12:33:24" ModifiedBy="14" OrderLineID="342006609" OrderID="15489728" ProductKey="0003700000741" CreatedDate="2019-06-04T12:33:43.880000000" ProductName="GAIN FLINGS ORIGINAL" ActivityID="11727257" ActivityKey="114907303116_11490730_DROPOFF" UDFString1="ITEM" UDFString2="6" Quantity="1" c102="114907303116"/>
<FWStopOrderLine LineID="18781497:342006610" StopID="18781497" RouteID="3530022" OrderKey="114907303116" ModifyDate="2019-06-04T12:33:24" ModifiedBy="14" OrderLineID="342006610" OrderID="15489728" ProductKey="0001090000510" CreatedDate="2019-06-04T12:33:43.880000000" ProductName="REYNOLDS OVEN BAG TURKEY SIZE" ActivityID="11727257" ActivityKey="114907303116_11490730_DROPOFF" UDFString1="ITEM" UDFString2="7" Quantity="2" c102="114907303116"/>
<FWStopOrderLine LineID="18781497:342006611" StopID="18781497" RouteID="3530022" OrderKey="114907303116" ModifyDate="2019-06-04T12:33:24" ModifiedBy="14" OrderLineID="342006611" OrderID="15489728" ProductKey="0007343500230" CreatedDate="2019-06-04T12:33:43.880000000" ProductName="KINGS HAWAIIAN RL SWT DNR ORIG 24 COUNT" ActivityID="11727257" ActivityKey="114907303116_11490730_DROPOFF" UDFString1="ITEM" UDFString2="8" Quantity="1" c102="114907303116"/>
<FWStopOrderLine LineID="18781497:342006612" StopID="18781497" RouteID="3530022" OrderKey="114907303116" ModifyDate="2019-06-04T12:33:24" ModifiedBy="14" OrderLineID="342006612" OrderID="15489728" ProductKey="0003700023033" CreatedDate="2019-06-04T12:33:43.880000000" ProductName="GAIN ORIGINAL FRESH LIQUID 96 LOAD" ActivityID="11727257" ActivityKey="114907303116_11490730_DROPOFF" UDFString1="ITEM" UDFString2="9" Quantity="1" c102="114907303116"/>
<FWStopOrderLine LineID="18781497:342006613" StopID="18781497" RouteID="3530022" OrderKey="114907303116" ModifyDate="2019-06-04T12:33:24" ModifiedBy="14" OrderLineID="342006613" OrderID="15489728" ProductKey="0001090008031" CreatedDate="2019-06-04T12:33:43.880000000" ProductName="REYNOLDS ALUMINUM FOIL WRAP 30" ActivityID="11727257" ActivityKey="114907303116_11490730_DROPOFF" UDFString1="ITEM" UDFString2="10" Quantity="1" c102="114907303116"/>
<FWStopOrderLine LineID="18781497:342006614" StopID="18781497" RouteID="3530022" OrderKey="114907303116" ModifyDate="2019-06-04T12:33:24" ModifiedBy="14" OrderLineID="342006614" OrderID="15489728" ProductKey="0002113010560" CreatedDate="2019-06-04T12:33:43.880000000" ProductName="S SEL/KTCHNS PIE CRUST DEEP DISH 2PK 9IN" ActivityID="11727257" ActivityKey="114907303116_11490730_DROPOFF" UDFString1="ITEM" UDFString2="11" Quantity="2" c102="114907303116"/>
<FWStopOrderLine LineID="18781497:342006615" StopID="18781497" RouteID="3530022" OrderKey="114907303116" ModifyDate="2019-06-04T12:33:24" ModifiedBy="14" OrderLineID="342006615" OrderID="15489728" ProductKey="0007989340150" CreatedDate="2019-06-04T12:33:43.880000000" ProductName="O ORGNC EGGS BROWN LARGE GRADE A" ActivityID="11727257" ActivityKey="114907303116_11490730_DROPOFF" UDFString1="ITEM" UDFString2="12" Quantity="1" c102="114907303116"/>
<FWActivityWindow ActivityWindowID="16045796" ActivityID="11727257" CreatedDate="2019-06-04T12:33:43.857000000" Type="ARRIVE" EarliestTime="1900-12-30T18:00:00" LatestTime="1900-12-30T20:00:00" EarliestDate="2019-06-05T00:00:00" LatestDate="2019-06-05T00:00:00" ModifiedBy="14" ModifyDate="2019-06-04T12:33:24" OpenDateTime="2019-06-05T18:00:00" CloseDateTime="2019-06-05T20:00:00"/>
<DocLocation LocationID="11621756" LocationKey="11490730" CreatedBy="14" CreatedDate="2019-06-04T12:33:37.307000000" ContactFirstName="Iron" ContactLastName="Man 30" ContactPhone="5105142815" Latitude="37.79080" Longitude="-122.41156" GeocodeFilter="0" GeocodeLatitude="37.79080" GeocodeLongitude="-122.41156" GeocodePolicy="2" GeocodeQuality="0" GeocodeScore="4500" GeocodeSource="gt7cahinv.lmb" GeocodeType="NORMAL" Measure1RechargeRate="0" Measure2RechargeRate="0" Measure3RechargeRate="0" Measure4RechargeRate="0" Measure5RechargeRate="0" Measure6RechargeRate="0" Measure7RechargeRate="0" Measure8RechargeRate="0" Measure9RechargeRate="0" PreServiceDuration="0" ServiceDuration="0" ShipCity="San Francisco" ShipCountry="US" ShipState="ca" ShipStreetName="950 Pine St" ShipStreetName2="Apt 107" ShipZipcode="94108" Status="MASTER" Type="CUSTOMER" Measure1="0" Measure2="0" Measure3="0" Measure4="0" Measure5="0" Measure6="0" Measure7="0" Measure8="0" Measure9="0" Name="Iron Man 30" LockLatLong="False" ContactEmail="ecom.rp@albertsons.com" MaxOnboardMeasure1="0" MaxOnboardMeasure2="0" MaxOnboardMeasure3="0" MaxOnboardMeasure4="0" MaxOnboardMeasure5="0" MaxOnboardMeasure6="0" MaxOnboardMeasure7="0" MaxOnboardMeasure8="0" MaxOnboardMeasure9="0" MaxDockDoors="0"/>
</DocStop>
<DocStop StopID="18782028" RouteID="3530022" ScheduleID="599" ActivityID="11727328" GeoStopNumber="5" StopNumber="5" ScheduleKey="NorCal_AVL" OrderKey="114907313116" LocationKey="11490731" ModifiedBy="167" ModifyDate="2019-06-05T15:10:26.987000000" CreatedDate="2019-06-04T18:50:02.640000000" PlannedArrivedDate="2019-06-05T19:27:10" PlannedBegunDate="2019-06-05T19:27:10" PlannedCompletedDate="2019-06-05T19:40:30" PlannedDepartedDate="2019-06-05T19:40:30" ProjectedDeltaPenalty="0" CustomerStopNumber="5" ProjectedDistance="25452.13623046875" ProjectedBreaks="0" ProjectedRests="0" PhysicalStopNumber="5" ProjectedArrivalDate="2019-06-05T19:27:10" ProjectedBegunDate="2019-06-05T19:27:10" ProjectedCompletedDate="2019-06-05T19:40:30" ProjectedDeltaElapsedTime="800" ProjectedDeltaDistance="0" ProjectedDepartDate="2019-06-05T19:40:30" ProjectedElapsedTime="6030" Status="1" ProjectedTimeDriven="2030" Type="3" ProjectedBreakTime="0" ProjectedRestTime="0" ProjectedWaitTime="0" ProjectedWorkTime="800" ProjectedSlackTime="0" ProjectedDeltaTimeDriven="0" ProjectedProfit="24374.642789297104" ProjectedViolation="0" LocationType="CUSTOMER" OnBoardMeasure1="8" MasterRoute="0" AVLStatus="0" OnBoardMeasure2="4" OnBoardMeasure3="0" OnBoardMeasure4="0" PlannedStopNumber="5" PlannedDistance="25452" PlannedTimeDriven="2030" PlannedElapsedTime="6030" OrderID="15489799" LocationID="11621822" PlannedWorkTime="800" ProjectedWorkUnits="0" ResidualMeasure1="64" ResidualMeasure2="20" ResidualMeasure3="16" ResidualMeasure4="0" OnboardPathingHazmat="0" RoadPath="0" PathingWeight="-1" PlannedGeoStopNumber="5" InterspersableInd="True" Measure1="2" Measure2="1" Measure3="0" Measure4="0" Measure5="0" Measure6="0" Measure7="0" Measure8="0" Measure9="0" ServiceDuration="800" Profit="5000" Requirements="S18 3116" ActivityKey="114907313116_11490731_DROPOFF" Latitude="37.790801525115967" Longitude="-122.41155724972486" ResourceKey="3116_18_20190605_A" RootOrderKey="114907313116" UDFString1="11490731" UDFString2="18" UDFString3="3116" UDFString5="ATTENDED" UDFString6="R" UDFDateTime1="2019-06-05T18:00:00" UDFDateTime2="2019-06-05T20:00:00" AllowMiss="1" SelectedWindowOpenDateTime="2019-06-05T18:00:00" SelectedWindowTotalCloseDateTime="2019-06-05T20:00:00" SelectedWindowEarliestDate="2019-06-05T00:00:00" SelectedWindowLatestDate="2019-06-05T00:00:00" SelectedWindowTotalMeasure1="2" SelectedWindowTotalMeasure2="1" SelectedWindowTotalMeasure3="0" SelectedWindowTotalMeasure4="0" SelectedWindowTotalMeasure5="0" SelectedWindowTotalMeasure6="0" SelectedWindowTotalMeasure7="0" SelectedWindowTotalMeasure8="0" SelectedWindowTotalMeasure9="0">
<FWStopLocation StopLocationID="18782028" StopID="18782028" LocationKey="11490731" ContactFirstName="Iron" ContactLastName="Man 31" ContactPhone="5105142815" GeocodeScore="4500" GeocodeQuality="0" GeocodeSource="gt7cahinv.lmb" GeocodeType="NORMAL" ShipStreetName="950 Pine St" ShipStreetName2="Apt 107" ShipCity="San Francisco" ShipState="ca" ShipZipcode="94108" ShipCountry="US" Type="CUSTOMER" Status="MASTER" UDFString1="11490731" UDFString2="18" UDFString3="3116" UDFString5="ATTENDED" UDFString6="R" OnBoardMeasurePct1="400" ProjectedTimeUtilPct="41.875" Name="Iron Man 31" LocationServiceDuration="0" ContactEmail="ecom.rp@albertsons.com" Latitude="37.79080" Longitude="-122.41156"/>
<FWStopOrderLine LineID="18782028:342007396" StopID="18782028" RouteID="3530022" OrderKey="114907313116" ModifyDate="2019-06-04T18:49:43" ModifiedBy="14" OrderLineID="342007396" OrderID="15489799" ProductKey="0007007455958" CreatedDate="2019-06-04T18:50:02.653000000" ProductName="SIMILAC ADV CMPLT NUTRITION MAKES 94FZ" ActivityID="11727328" ActivityKey="114907313116_11490731_DROPOFF" UDFString1="ITEM" UDFString2="2" Quantity="1" c102="114907313116"/>
<FWStopOrderLine LineID="18782028:342007397" StopID="18782028" RouteID="3530022" OrderKey="114907313116" ModifyDate="2019-06-04T18:49:43" ModifiedBy="14" OrderLineID="342007397" OrderID="15489799" ProductKey="0007007458062" CreatedDate="2019-06-04T18:50:02.653000000" ProductName="PEDIASURE VANILLA WITH FIBER BOTTLE" ActivityID="11727328" ActivityKey="114907313116_11490731_DROPOFF" UDFString1="ITEM" UDFString2="4" Quantity="1" c102="114907313116"/>
<FWStopOrderLine LineID="18782028:342007398" StopID="18782028" RouteID="3530022" OrderKey="114907313116" ModifyDate="2019-06-04T18:49:43" ModifiedBy="14" OrderLineID="342007398" OrderID="15489799" ProductKey="0007007458050" CreatedDate="2019-06-04T18:50:02.657000000" ProductName="PEDIASURE VANILLA BOTTLE" ActivityID="11727328" ActivityKey="114907313116_11490731_DROPOFF" UDFString1="ITEM" UDFString2="3" Quantity="1" c102="114907313116"/>
<FWStopOrderLine LineID="18782028:342007399" StopID="18782028" RouteID="3530022" OrderKey="114907313116" ModifyDate="2019-06-04T18:49:43" ModifiedBy="14" OrderLineID="342007399" OrderID="15489799" ProductKey="90000000022154" CreatedDate="2019-06-04T18:50:02.657000000" ProductName="Delivery Fee" ActivityID="11727328" ActivityKey="114907313116_11490731_DROPOFF" UDFString1="FEE" UDFString2="1" Quantity="1" c102="114907313116"/>
<FWStopOrderLine LineID="18782028:342007400" StopID="18782028" RouteID="3530022" OrderKey="114907313116" ModifyDate="2019-06-04T18:49:43" ModifiedBy="14" OrderLineID="342007400" OrderID="15489799" ProductKey="0003307430133" CreatedDate="2019-06-04T18:50:02.657000000" ProductName="ASPARAGUS GREEN" ActivityID="11727328" ActivityKey="114907313116_11490731_DROPOFF" UDFString1="ITEM" UDFString2="5" Quantity="1" c102="114907313116"/>
<FWStopOrderLine LineID="18782028:342007401" StopID="18782028" RouteID="3530022" OrderKey="114907313116" ModifyDate="2019-06-04T18:49:43" ModifiedBy="14" OrderLineID="342007401" OrderID="15489799" ProductKey="0003700000741" CreatedDate="2019-06-04T18:50:02.657000000" ProductName="GAIN FLINGS ORIGINAL" ActivityID="11727328" ActivityKey="114907313116_11490731_DROPOFF" UDFString1="ITEM" UDFString2="6" Quantity="1" c102="114907313116"/>
<FWStopOrderLine LineID="18782028:342007402" StopID="18782028" RouteID="3530022" OrderKey="114907313116" ModifyDate="2019-06-04T18:49:43" ModifiedBy="14" OrderLineID="342007402" OrderID="15489799" ProductKey="0001090000510" CreatedDate="2019-06-04T18:50:02.657000000" ProductName="REYNOLDS OVEN BAG TURKEY SIZE" ActivityID="11727328" ActivityKey="114907313116_11490731_DROPOFF" UDFString1="ITEM" UDFString2="7" Quantity="2" c102="114907313116"/>
<FWStopOrderLine LineID="18782028:342007403" StopID="18782028" RouteID="3530022" OrderKey="114907313116" ModifyDate="2019-06-04T18:49:43" ModifiedBy="14" OrderLineID="342007403" OrderID="15489799" ProductKey="0007343500230" CreatedDate="2019-06-04T18:50:02.657000000" ProductName="KINGS HAWAIIAN RL SWT DNR ORIG 24 COUNT" ActivityID="11727328" ActivityKey="114907313116_11490731_DROPOFF" UDFString1="ITEM" UDFString2="8" Quantity="1" c102="114907313116"/>
<FWStopOrderLine LineID="18782028:342007404" StopID="18782028" RouteID="3530022" OrderKey="114907313116" ModifyDate="2019-06-04T18:49:43" ModifiedBy="14" OrderLineID="342007404" OrderID="15489799" ProductKey="0003700023033" CreatedDate="2019-06-04T18:50:02.657000000" ProductName="GAIN ORIGINAL FRESH LIQUID 96 LOAD" ActivityID="11727328" ActivityKey="114907313116_11490731_DROPOFF" UDFString1="ITEM" UDFString2="9" Quantity="1" c102="114907313116"/>
<FWStopOrderLine LineID="18782028:342007405" StopID="18782028" RouteID="3530022" OrderKey="114907313116" ModifyDate="2019-06-04T18:49:43" ModifiedBy="14" OrderLineID="342007405" OrderID="15489799" ProductKey="0001090008031" CreatedDate="2019-06-04T18:50:02.657000000" ProductName="REYNOLDS ALUMINUM FOIL WRAP 30" ActivityID="11727328" ActivityKey="114907313116_11490731_DROPOFF" UDFString1="ITEM" UDFString2="10" Quantity="1" c102="114907313116"/>
<FWStopOrderLine LineID="18782028:342007406" StopID="18782028" RouteID="3530022" OrderKey="114907313116" ModifyDate="2019-06-04T18:49:43" ModifiedBy="14" OrderLineID="342007406" OrderID="15489799" ProductKey="0002113010560" CreatedDate="2019-06-04T18:50:02.657000000" ProductName="S SEL/KTCHNS PIE CRUST DEEP DISH 2PK 9IN" ActivityID="11727328" ActivityKey="114907313116_11490731_DROPOFF" UDFString1="ITEM" UDFString2="11" Quantity="2" c102="114907313116"/>
<FWStopOrderLine LineID="18782028:342007407" StopID="18782028" RouteID="3530022" OrderKey="114907313116" ModifyDate="2019-06-04T18:49:43" ModifiedBy="14" OrderLineID="342007407" OrderID="15489799" ProductKey="0007989340150" CreatedDate="2019-06-04T18:50:02.657000000" ProductName="O ORGNC EGGS BROWN LARGE GRADE A" ActivityID="11727328" ActivityKey="114907313116_11490731_DROPOFF" UDFString1="ITEM" UDFString2="12" Quantity="1" c102="114907313116"/>
<FWActivityWindow ActivityWindowID="16045867" ActivityID="11727328" CreatedDate="2019-06-04T18:50:02.637000000" Type="ARRIVE" EarliestTime="1900-12-30T18:00:00" LatestTime="1900-12-30T20:00:00" EarliestDate="2019-06-05T00:00:00" LatestDate="2019-06-05T00:00:00" ModifiedBy="14" ModifyDate="2019-06-04T18:49:43" OpenDateTime="2019-06-05T18:00:00" CloseDateTime="2019-06-05T20:00:00"/>
<DocLocation LocationID="11621822" LocationKey="11490731" CreatedBy="14" CreatedDate="2019-06-04T18:49:56.693000000" ContactFirstName="Iron" ContactLastName="Man 31" ContactPhone="5105142815" Latitude="37.79080" Longitude="-122.41156" GeocodeFilter="0" GeocodeLatitude="37.79080" GeocodeLongitude="-122.41156" GeocodePolicy="2" GeocodeQuality="0" GeocodeScore="4500" GeocodeSource="gt7cahinv.lmb" GeocodeType="NORMAL" Measure1RechargeRate="0" Measure2RechargeRate="0" Measure3RechargeRate="0" Measure4RechargeRate="0" Measure5RechargeRate="0" Measure6RechargeRate="0" Measure7RechargeRate="0" Measure8RechargeRate="0" Measure9RechargeRate="0" PreServiceDuration="0" ServiceDuration="0" ShipCity="San Francisco" ShipCountry="US" ShipState="ca" ShipStreetName="950 Pine St" ShipStreetName2="Apt 107" ShipZipcode="94108" Status="MASTER" Type="CUSTOMER" Measure1="0" Measure2="0" Measure3="0" Measure4="0" Measure5="0" Measure6="0" Measure7="0" Measure8="0" Measure9="0" Name="Iron Man 31" LockLatLong="False" ContactEmail="ecom.rp@albertsons.com" MaxOnboardMeasure1="0" MaxOnboardMeasure2="0" MaxOnboardMeasure3="0" MaxOnboardMeasure4="0" MaxOnboardMeasure5="0" MaxOnboardMeasure6="0" MaxOnboardMeasure7="0" MaxOnboardMeasure8="0" MaxOnboardMeasure9="0" MaxDockDoors="0"/>
</DocStop>
<DocStop StopID="18785462" RouteID="3530022" ScheduleID="599" ActivityID="11727512" GeoStopNumber="6" StopNumber="6" ScheduleKey="NorCal_AVL" OrderKey="114907353116" LocationKey="11490735" ModifiedBy="167" ModifyDate="2019-06-05T15:10:26.987000000" CreatedDate="2019-06-05T14:36:01.513000000" PlannedArrivedDate="2019-06-05T19:40:30" PlannedBegunDate="2019-06-05T19:40:30" PlannedCompletedDate="2019-06-05T19:53:50" PlannedDepartedDate="2019-06-05T19:53:50" ProjectedDeltaPenalty="0" CustomerStopNumber="6" ProjectedDistance="25452.13623046875" ProjectedBreaks="0" ProjectedRests="0" PhysicalStopNumber="6" ProjectedArrivalDate="2019-06-05T19:40:30" ProjectedBegunDate="2019-06-05T19:40:30" ProjectedCompletedDate="2019-06-05T19:53:50" ProjectedDeltaElapsedTime="800" ProjectedDeltaDistance="0" ProjectedDepartDate="2019-06-05T19:53:50" ProjectedElapsedTime="6830" Status="1" ProjectedTimeDriven="2030" Type="3" ProjectedBreakTime="0" ProjectedRestTime="0" ProjectedWaitTime="0" ProjectedWorkTime="800" ProjectedSlackTime="0" ProjectedDeltaTimeDriven="0" ProjectedProfit="29353.643789297104" ProjectedViolation="0" LocationType="CUSTOMER" OnBoardMeasure1="6" MasterRoute="0" AVLStatus="0" OnBoardMeasure2="3" OnBoardMeasure3="0" OnBoardMeasure4="0" PlannedStopNumber="6" PlannedDistance="25452" PlannedTimeDriven="2030" PlannedElapsedTime="6830" OrderID="15489983" LocationID="11622002" PlannedWorkTime="800" ProjectedWorkUnits="0" ResidualMeasure1="66" ResidualMeasure2="21" ResidualMeasure3="16" ResidualMeasure4="0" OnboardPathingHazmat="0" RoadPath="0" PathingWeight="-1" PlannedGeoStopNumber="6" InterspersableInd="True" Measure1="2" Measure2="1" Measure3="0" Measure4="0" Measure5="0" Measure6="0" Measure7="0" Measure8="0" Measure9="0" ServiceDuration="800" Profit="5000" Requirements="S18 3116" ActivityKey="114907353116_11490735_DROPOFF" Latitude="37.790801525115967" Longitude="-122.41155724972486" ResourceKey="3116_18_20190605_A" RootOrderKey="114907353116" UDFString1="11490735" UDFString2="18" UDFString3="3116" UDFString5="ATTENDED" UDFString6="R" UDFDateTime1="2019-06-05T18:00:00" UDFDateTime2="2019-06-05T20:00:00" AllowMiss="1" SelectedWindowOpenDateTime="2019-06-05T18:00:00" SelectedWindowTotalCloseDateTime="2019-06-05T20:00:00" SelectedWindowEarliestDate="2019-06-05T00:00:00" SelectedWindowLatestDate="2019-06-05T00:00:00" SelectedWindowTotalMeasure1="2" SelectedWindowTotalMeasure2="1" SelectedWindowTotalMeasure3="0" SelectedWindowTotalMeasure4="0" SelectedWindowTotalMeasure5="0" SelectedWindowTotalMeasure6="0" SelectedWindowTotalMeasure7="0" SelectedWindowTotalMeasure8="0" SelectedWindowTotalMeasure9="0">
<FWStopLocation StopLocationID="18785462" StopID="18785462" LocationKey="11490735" ContactFirstName="Iron" ContactLastName="Man 35" ContactPhone="5105142815" GeocodeScore="4500" GeocodeQuality="0" GeocodeSource="gt7cahinv.lmb" GeocodeType="NORMAL" ShipStreetName="950 Pine St" ShipStreetName2="Apt 107" ShipCity="San Francisco" ShipState="ca" ShipZipcode="94108" ShipCountry="US" Type="CUSTOMER" Status="MASTER" UDFString1="11490735" UDFString2="18" UDFString3="3116" UDFString5="ATTENDED" UDFString6="R" OnBoardMeasurePct1="300" ProjectedTimeUtilPct="47.430555555555557" Name="Iron Man 35" LocationServiceDuration="0" ContactEmail="ecom.rp@albertsons.com" Latitude="37.79080" Longitude="-122.41156"/>
<FWStopOrderLine LineID="18785462:342009575" StopID="18785462" RouteID="3530022" OrderKey="114907353116" ModifyDate="2019-06-05T14:35:40" ModifiedBy="14" OrderLineID="342009575" OrderID="15489983" ProductKey="0007007455958" CreatedDate="2019-06-05T14:36:01.527000000" ProductName="SIMILAC ADV CMPLT NUTRITION MAKES 94FZ" ActivityID="11727512" ActivityKey="114907353116_11490735_DROPOFF" UDFString1="ITEM" UDFString2="2" Quantity="1" c102="114907353116"/>
<FWStopOrderLine LineID="18785462:342009576" StopID="18785462" RouteID="3530022" OrderKey="114907353116" ModifyDate="2019-06-05T14:35:40" ModifiedBy="14" OrderLineID="342009576" OrderID="15489983" ProductKey="0007007458062" CreatedDate="2019-06-05T14:36:01.527000000" ProductName="PEDIASURE VANILLA WITH FIBER BOTTLE" ActivityID="11727512" ActivityKey="114907353116_11490735_DROPOFF" UDFString1="ITEM" UDFString2="4" Quantity="1" c102="114907353116"/>
<FWStopOrderLine LineID="18785462:342009577" StopID="18785462" RouteID="3530022" OrderKey="114907353116" ModifyDate="2019-06-05T14:35:40" ModifiedBy="14" OrderLineID="342009577" OrderID="15489983" ProductKey="0007007458050" CreatedDate="2019-06-05T14:36:01.527000000" ProductName="PEDIASURE VANILLA BOTTLE" ActivityID="11727512" ActivityKey="114907353116_11490735_DROPOFF" UDFString1="ITEM" UDFString2="3" Quantity="1" c102="114907353116"/>
<FWStopOrderLine LineID="18785462:342009578" StopID="18785462" RouteID="3530022" OrderKey="114907353116" ModifyDate="2019-06-05T14:35:40" ModifiedBy="14" OrderLineID="342009578" OrderID="15489983" ProductKey="90000000022154" CreatedDate="2019-06-05T14:36:01.527000000" ProductName="Delivery Fee" ActivityID="11727512" ActivityKey="114907353116_11490735_DROPOFF" UDFString1="FEE" UDFString2="1" Quantity="1" c102="114907353116"/>
<FWStopOrderLine LineID="18785462:342009579" StopID="18785462" RouteID="3530022" OrderKey="114907353116" ModifyDate="2019-06-05T14:35:40" ModifiedBy="14" OrderLineID="342009579" OrderID="15489983" ProductKey="0003307430133" CreatedDate="2019-06-05T14:36:01.527000000" ProductName="ASPARAGUS GREEN" ActivityID="11727512" ActivityKey="114907353116_11490735_DROPOFF" UDFString1="ITEM" UDFString2="5" Quantity="1" c102="114907353116"/>
<FWStopOrderLine LineID="18785462:342009580" StopID="18785462" RouteID="3530022" OrderKey="114907353116" ModifyDate="2019-06-05T14:35:40" ModifiedBy="14" OrderLineID="342009580" OrderID="15489983" ProductKey="0003700000741" CreatedDate="2019-06-05T14:36:01.527000000" ProductName="GAIN FLINGS ORIGINAL" ActivityID="11727512" ActivityKey="114907353116_11490735_DROPOFF" UDFString1="ITEM" UDFString2="6" Quantity="1" c102="114907353116"/>
<FWStopOrderLine LineID="18785462:342009581" StopID="18785462" RouteID="3530022" OrderKey="114907353116" ModifyDate="2019-06-05T14:35:40" ModifiedBy="14" OrderLineID="342009581" OrderID="15489983" ProductKey="0001090000510" CreatedDate="2019-06-05T14:36:01.527000000" ProductName="REYNOLDS OVEN BAG TURKEY SIZE" ActivityID="11727512" ActivityKey="114907353116_11490735_DROPOFF" UDFString1="ITEM" UDFString2="7" Quantity="2" c102="114907353116"/>
<FWStopOrderLine LineID="18785462:342009582" StopID="18785462" RouteID="3530022" OrderKey="114907353116" ModifyDate="2019-06-05T14:35:40" ModifiedBy="14" OrderLineID="342009582" OrderID="15489983" ProductKey="0007343500230" CreatedDate="2019-06-05T14:36:01.527000000" ProductName="KINGS HAWAIIAN RL SWT DNR ORIG 24 COUNT" ActivityID="11727512" ActivityKey="114907353116_11490735_DROPOFF" UDFString1="ITEM" UDFString2="8" Quantity="1" c102="114907353116"/>
<FWStopOrderLine LineID="18785462:342009583" StopID="18785462" RouteID="3530022" OrderKey="114907353116" ModifyDate="2019-06-05T14:35:40" ModifiedBy="14" OrderLineID="342009583" OrderID="15489983" ProductKey="0003700023033" CreatedDate="2019-06-05T14:36:01.530000000" ProductName="GAIN ORIGINAL FRESH LIQUID 96 LOAD" ActivityID="11727512" ActivityKey="114907353116_11490735_DROPOFF" UDFString1="ITEM" UDFString2="9" Quantity="1" c102="114907353116"/>
<FWStopOrderLine LineID="18785462:342009584" StopID="18785462" RouteID="3530022" OrderKey="114907353116" ModifyDate="2019-06-05T14:35:40" ModifiedBy="14" OrderLineID="342009584" OrderID="15489983" ProductKey="0001090008031" CreatedDate="2019-06-05T14:36:01.530000000" ProductName="REYNOLDS ALUMINUM FOIL WRAP 30" ActivityID="11727512" ActivityKey="114907353116_11490735_DROPOFF" UDFString1="ITEM" UDFString2="10" Quantity="1" c102="114907353116"/>
<FWStopOrderLine LineID="18785462:342009585" StopID="18785462" RouteID="3530022" OrderKey="114907353116" ModifyDate="2019-06-05T14:35:40" ModifiedBy="14" OrderLineID="342009585" OrderID="15489983" ProductKey="0002113010560" CreatedDate="2019-06-05T14:36:01.530000000" ProductName="S SEL/KTCHNS PIE CRUST DEEP DISH 2PK 9IN" ActivityID="11727512" ActivityKey="114907353116_11490735_DROPOFF" UDFString1="ITEM" UDFString2="11" Quantity="2" c102="114907353116"/>
<FWStopOrderLine LineID="18785462:342009586" StopID="18785462" RouteID="3530022" OrderKey="114907353116" ModifyDate="2019-06-05T14:35:40" ModifiedBy="14" OrderLineID="342009586" OrderID="15489983" ProductKey="0007989340150" CreatedDate="2019-06-05T14:36:01.530000000" ProductName="O ORGNC EGGS BROWN LARGE GRADE A" ActivityID="11727512" ActivityKey="114907353116_11490735_DROPOFF" UDFString1="ITEM" UDFString2="12" Quantity="1" c102="114907353116"/>
<FWActivityWindow ActivityWindowID="16046114" ActivityID="11727512" CreatedDate="2019-06-05T14:36:01.510000000" Type="ARRIVE" EarliestTime="1900-12-30T18:00:00" LatestTime="1900-12-30T20:00:00" EarliestDate="2019-06-05T00:00:00" LatestDate="2019-06-05T00:00:00" ModifiedBy="14" ModifyDate="2019-06-05T14:35:40" OpenDateTime="2019-06-05T18:00:00" CloseDateTime="2019-06-05T20:00:00"/>
<DocLocation LocationID="11622002" LocationKey="11490735" CreatedBy="14" CreatedDate="2019-06-05T14:35:55.917000000" ContactFirstName="Iron" ContactLastName="Man 35" ContactPhone="5105142815" Latitude="37.79080" Longitude="-122.41156" GeocodeFilter="0" GeocodeLatitude="37.79080" GeocodeLongitude="-122.41156" GeocodePolicy="2" GeocodeQuality="0" GeocodeScore="4500" GeocodeSource="gt7cahinv.lmb" GeocodeType="NORMAL" Measure1RechargeRate="0" Measure2RechargeRate="0" Measure3RechargeRate="0" Measure4RechargeRate="0" Measure5RechargeRate="0" Measure6RechargeRate="0" Measure7RechargeRate="0" Measure8RechargeRate="0" Measure9RechargeRate="0" PreServiceDuration="0" ServiceDuration="0" ShipCity="San Francisco" ShipCountry="US" ShipState="ca" ShipStreetName="950 Pine St" ShipStreetName2="Apt 107" ShipZipcode="94108" Status="MASTER" Type="CUSTOMER" Measure1="0" Measure2="0" Measure3="0" Measure4="0" Measure5="0" Measure6="0" Measure7="0" Measure8="0" Measure9="0" Name="Iron Man 35" LockLatLong="False" ContactEmail="ecom.rp@albertsons.com" MaxOnboardMeasure1="0" MaxOnboardMeasure2="0" MaxOnboardMeasure3="0" MaxOnboardMeasure4="0" MaxOnboardMeasure5="0" MaxOnboardMeasure6="0" MaxOnboardMeasure7="0" MaxOnboardMeasure8="0" MaxOnboardMeasure9="0" MaxDockDoors="0"/>
</DocStop>
<DocStop StopID="18781498" RouteID="3530022" ScheduleID="599" ActivityID="11727258" GeoStopNumber="7" StopNumber="7" ScheduleKey="NorCal_AVL" OrderKey="114908303116" LocationKey="11490830" ModifiedBy="167" ModifyDate="2019-06-05T15:10:26.987000000" CreatedDate="2019-06-04T12:33:44.087000000" PlannedArrivedDate="2019-06-05T19:57:34" PlannedBegunDate="2019-06-05T19:57:34" PlannedCompletedDate="2019-06-05T20:10:54" PlannedDepartedDate="2019-06-05T20:10:54" ProjectedDeltaPenalty="1.824370265007019" CustomerStopNumber="7" ProjectedDistance="26227.231567382809" ProjectedBreaks="0" ProjectedRests="0" PhysicalStopNumber="7" ProjectedArrivalDate="2019-06-05T19:57:34" ProjectedBegunDate="2019-06-05T19:57:34" ProjectedCompletedDate="2019-06-05T20:10:54" ProjectedDeltaElapsedTime="1024" ProjectedDeltaDistance="775.0953369140625" ProjectedDepartDate="2019-06-05T20:10:54" ProjectedElapsedTime="7854" Status="1" ProjectedTimeDriven="2254" Type="3" ProjectedBreakTime="0" ProjectedRestTime="0" ProjectedWaitTime="0" ProjectedWorkTime="800" ProjectedSlackTime="0" ProjectedDeltaTimeDriven="224" ProjectedProfit="34251.800419032093" ProjectedViolation="0" LocationType="CUSTOMER" OnBoardMeasure1="4" MasterRoute="0" AVLStatus="0" OnBoardMeasure2="2" OnBoardMeasure3="0" OnBoardMeasure4="0" PlannedStopNumber="7" PlannedDistance="26227" PlannedTimeDriven="2254" PlannedElapsedTime="7854" OrderID="15489729" LocationID="11621757" PlannedWorkTime="800" ProjectedWorkUnits="0" ResidualMeasure1="68" ResidualMeasure2="22" ResidualMeasure3="16" ResidualMeasure4="0" OnboardPathingHazmat="0" RoadPath="0" PathingWeight="-1" PlannedGeoStopNumber="7" InterspersableInd="True" Measure1="2" Measure2="1" Measure3="0" Measure4="0" Measure5="0" Measure6="0" Measure7="0" Measure8="0" Measure9="0" ServiceDuration="800" Profit="5000" Requirements="S18 3116" ActivityKey="114908303116_11490830_DROPOFF" Latitude="37.791174687445171" Longitude="-122.40793760865927" ResourceKey="3116_18_20190605_A" RootOrderKey="114908303116" UDFString1="11490830" UDFString2="18" UDFString3="3116" UDFString5="ATTENDED" UDFString6="R" UDFDateTime1="2019-06-05T18:00:00" UDFDateTime2="2019-06-05T22:00:00" AllowMiss="1" SelectedWindowOpenDateTime="2019-06-05T18:00:00" SelectedWindowTotalCloseDateTime="2019-06-05T22:00:00" SelectedWindowEarliestDate="2019-06-05T00:00:00" SelectedWindowLatestDate="2019-06-05T00:00:00" SelectedWindowTotalMeasure1="2" SelectedWindowTotalMeasure2="1" SelectedWindowTotalMeasure3="0" SelectedWindowTotalMeasure4="0" SelectedWindowTotalMeasure5="0" SelectedWindowTotalMeasure6="0" SelectedWindowTotalMeasure7="0" SelectedWindowTotalMeasure8="0" SelectedWindowTotalMeasure9="0">
<FWStopLocation StopLocationID="18781498" StopID="18781498" LocationKey="11490830" ContactFirstName="Pepper" ContactLastName="Potts 30" ContactPhone="5105142815" GeocodeScore="4500" GeocodeQuality="0" GeocodeSource="gt7cahinv.lmb" GeocodeType="NORMAL" ShipStreetName="725 Pine St" ShipStreetName2="Apt 101" ShipCity="San Francisco" ShipState="ca" ShipZipcode="94108" ShipCountry="US" Type="CUSTOMER" Status="MASTER" UDFString1="11490830" UDFString2="18" UDFString3="3116" UDFString5="ATTENDED" UDFString6="R" OnBoardMeasurePct1="200" ProjectedTimeUtilPct="54.541666666666664" Name="Pepper Potts 30" LocationServiceDuration="0" ContactEmail="ecom.rp@albertsons.com" Latitude="37.79117" Longitude="-122.40794"/>
<FWStopOrderLine LineID="18781498:342006616" StopID="18781498" RouteID="3530022" OrderKey="114908303116" ModifyDate="2019-06-04T12:33:25" ModifiedBy="14" OrderLineID="342006616" OrderID="15489729" ProductKey="0007007455958" CreatedDate="2019-06-04T12:33:44.100000000" ProductName="SIMILAC ADV CMPLT NUTRITION MAKES 94FZ" ActivityID="11727258" ActivityKey="114908303116_11490830_DROPOFF" UDFString1="ITEM" UDFString2="2" Quantity="1" c102="114908303116"/>
<FWStopOrderLine LineID="18781498:342006617" StopID="18781498" RouteID="3530022" OrderKey="114908303116" ModifyDate="2019-06-04T12:33:25" ModifiedBy="14" OrderLineID="342006617" OrderID="15489729" ProductKey="0007007458062" CreatedDate="2019-06-04T12:33:44.100000000" ProductName="PEDIASURE VANILLA WITH FIBER BOTTLE" ActivityID="11727258" ActivityKey="114908303116_11490830_DROPOFF" UDFString1="ITEM" UDFString2="4" Quantity="1" c102="114908303116"/>
<FWStopOrderLine LineID="18781498:342006618" StopID="18781498" RouteID="3530022" OrderKey="114908303116" ModifyDate="2019-06-04T12:33:25" ModifiedBy="14" OrderLineID="342006618" OrderID="15489729" ProductKey="0007007458050" CreatedDate="2019-06-04T12:33:44.100000000" ProductName="PEDIASURE VANILLA BOTTLE" ActivityID="11727258" ActivityKey="114908303116_11490830_DROPOFF" UDFString1="ITEM" UDFString2="3" Quantity="1" c102="114908303116"/>
<FWStopOrderLine LineID="18781498:342006619" StopID="18781498" RouteID="3530022" OrderKey="114908303116" ModifyDate="2019-06-04T12:33:25" ModifiedBy="14" OrderLineID="342006619" OrderID="15489729" ProductKey="90000000022154" CreatedDate="2019-06-04T12:33:44.100000000" ProductName="Delivery Fee" ActivityID="11727258" ActivityKey="114908303116_11490830_DROPOFF" UDFString1="FEE" UDFString2="1" Quantity="1" c102="114908303116"/>
<FWStopOrderLine LineID="18781498:342006620" StopID="18781498" RouteID="3530022" OrderKey="114908303116" ModifyDate="2019-06-04T12:33:25" ModifiedBy="14" OrderLineID="342006620" OrderID="15489729" ProductKey="0003307430133" CreatedDate="2019-06-04T12:33:44.100000000" ProductName="ASPARAGUS GREEN" ActivityID="11727258" ActivityKey="114908303116_11490830_DROPOFF" UDFString1="ITEM" UDFString2="5" Quantity="1" c102="114908303116"/>
<FWStopOrderLine LineID="18781498:342006621" StopID="18781498" RouteID="3530022" OrderKey="114908303116" ModifyDate="2019-06-04T12:33:25" ModifiedBy="14" OrderLineID="342006621" OrderID="15489729" ProductKey="0003700000741" CreatedDate="2019-06-04T12:33:44.100000000" ProductName="GAIN FLINGS ORIGINAL" ActivityID="11727258" ActivityKey="114908303116_11490830_DROPOFF" UDFString1="ITEM" UDFString2="6" Quantity="1" c102="114908303116"/>
<FWStopOrderLine LineID="18781498:342006622" StopID="18781498" RouteID="3530022" OrderKey="114908303116" ModifyDate="2019-06-04T12:33:25" ModifiedBy="14" OrderLineID="342006622" OrderID="15489729" ProductKey="0001090000510" CreatedDate="2019-06-04T12:33:44.100000000" ProductName="REYNOLDS OVEN BAG TURKEY SIZE" ActivityID="11727258" ActivityKey="114908303116_11490830_DROPOFF" UDFString1="ITEM" UDFString2="7" Quantity="2" c102="114908303116"/>
<FWStopOrderLine LineID="18781498:342006623" StopID="18781498" RouteID="3530022" OrderKey="114908303116" ModifyDate="2019-06-04T12:33:25" ModifiedBy="14" OrderLineID="342006623" OrderID="15489729" ProductKey="0007343500230" CreatedDate="2019-06-04T12:33:44.103000000" ProductName="KINGS HAWAIIAN RL SWT DNR ORIG 24 COUNT" ActivityID="11727258" ActivityKey="114908303116_11490830_DROPOFF" UDFString1="ITEM" UDFString2="8" Quantity="1" c102="114908303116"/>
<FWStopOrderLine LineID="18781498:342006624" StopID="18781498" RouteID="3530022" OrderKey="114908303116" ModifyDate="2019-06-04T12:33:25" ModifiedBy="14" OrderLineID="342006624" OrderID="15489729" ProductKey="0003700023033" CreatedDate="2019-06-04T12:33:44.103000000" ProductName="GAIN ORIGINAL FRESH LIQUID 96 LOAD" ActivityID="11727258" ActivityKey="114908303116_11490830_DROPOFF" UDFString1="ITEM" UDFString2="9" Quantity="1" c102="114908303116"/>
<FWStopOrderLine LineID="18781498:342006625" StopID="18781498" RouteID="3530022" OrderKey="114908303116" ModifyDate="2019-06-04T12:33:25" ModifiedBy="14" OrderLineID="342006625" OrderID="15489729" ProductKey="0001090008031" CreatedDate="2019-06-04T12:33:44.103000000" ProductName="REYNOLDS ALUMINUM FOIL WRAP 30" ActivityID="11727258" ActivityKey="114908303116_11490830_DROPOFF" UDFString1="ITEM" UDFString2="10" Quantity="1" c102="114908303116"/>
<FWStopOrderLine LineID="18781498:342006626" StopID="18781498" RouteID="3530022" OrderKey="114908303116" ModifyDate="2019-06-04T12:33:25" ModifiedBy="14" OrderLineID="342006626" OrderID="15489729" ProductKey="0002113010560" CreatedDate="2019-06-04T12:33:44.103000000" ProductName="S SEL/KTCHNS PIE CRUST DEEP DISH 2PK 9IN" ActivityID="11727258" ActivityKey="114908303116_11490830_DROPOFF" UDFString1="ITEM" UDFString2="11" Quantity="2" c102="114908303116"/>
<FWStopOrderLine LineID="18781498:342006627" StopID="18781498" RouteID="3530022" OrderKey="114908303116" ModifyDate="2019-06-04T12:33:25" ModifiedBy="14" OrderLineID="342006627" OrderID="15489729" ProductKey="0007989340150" CreatedDate="2019-06-04T12:33:44.103000000" ProductName="O ORGNC EGGS BROWN LARGE GRADE A" ActivityID="11727258" ActivityKey="114908303116_11490830_DROPOFF" UDFString1="ITEM" UDFString2="12" Quantity="1" c102="114908303116"/>
<FWActivityWindow ActivityWindowID="16045797" ActivityID="11727258" CreatedDate="2019-06-04T12:33:44.083000000" Type="ARRIVE" EarliestTime="1900-12-30T18:00:00" LatestTime="1900-12-30T22:00:00" EarliestDate="2019-06-05T00:00:00" LatestDate="2019-06-05T00:00:00" ModifiedBy="14" ModifyDate="2019-06-04T12:33:25" OpenDateTime="2019-06-05T18:00:00" CloseDateTime="2019-06-05T22:00:00"/>
<DocLocation LocationID="11621757" LocationKey="11490830" CreatedBy="14" CreatedDate="2019-06-04T12:33:37.310000000" ContactFirstName="Pepper" ContactLastName="Potts 30" ContactPhone="5105142815" Latitude="37.79117" Longitude="-122.40794" GeocodeFilter="0" GeocodeLatitude="37.79117" GeocodeLongitude="-122.40794" GeocodePolicy="2" GeocodeQuality="0" GeocodeScore="4500" GeocodeSource="gt7cahinv.lmb" GeocodeType="NORMAL" Measure1RechargeRate="0" Measure2RechargeRate="0" Measure3RechargeRate="0" Measure4RechargeRate="0" Measure5RechargeRate="0" Measure6RechargeRate="0" Measure7RechargeRate="0" Measure8RechargeRate="0" Measure9RechargeRate="0" PreServiceDuration="0" ServiceDuration="0" ShipCity="San Francisco" ShipCountry="US" ShipState="ca" ShipStreetName="725 Pine St" ShipStreetName2="Apt 101" ShipZipcode="94108" Status="MASTER" Type="CUSTOMER" Measure1="0" Measure2="0" Measure3="0" Measure4="0" Measure5="0" Measure6="0" Measure7="0" Measure8="0" Measure9="0" Name="Pepper Potts 30" LockLatLong="False" ContactEmail="ecom.rp@albertsons.com" MaxOnboardMeasure1="0" MaxOnboardMeasure2="0" MaxOnboardMeasure3="0" MaxOnboardMeasure4="0" MaxOnboardMeasure5="0" MaxOnboardMeasure6="0" MaxOnboardMeasure7="0" MaxOnboardMeasure8="0" MaxOnboardMeasure9="0" MaxDockDoors="0"/>
</DocStop>
<DocStop StopID="18782029" RouteID="3530022" ScheduleID="599" ActivityID="11727329" GeoStopNumber="8" StopNumber="8" ScheduleKey="NorCal_AVL" OrderKey="114908313116" LocationKey="11490831" ModifiedBy="167" ModifyDate="2019-06-05T15:10:26.987000000" CreatedDate="2019-06-04T18:50:02.833000000" PlannedArrivedDate="2019-06-05T20:10:54" PlannedBegunDate="2019-06-05T20:10:54" PlannedCompletedDate="2019-06-05T20:24:14" PlannedDepartedDate="2019-06-05T20:24:14" ProjectedDeltaPenalty="0" CustomerStopNumber="8" ProjectedDistance="26227.231567382809" ProjectedBreaks="0" ProjectedRests="0" PhysicalStopNumber="8" ProjectedArrivalDate="2019-06-05T20:10:54" ProjectedBegunDate="2019-06-05T20:10:54" ProjectedCompletedDate="2019-06-05T20:24:14" ProjectedDeltaElapsedTime="800" ProjectedDeltaDistance="0" ProjectedDepartDate="2019-06-05T20:24:14" ProjectedElapsedTime="8654" Status="1" ProjectedTimeDriven="2254" Type="3" ProjectedBreakTime="0" ProjectedRestTime="0" ProjectedWaitTime="0" ProjectedWorkTime="800" ProjectedSlackTime="0" ProjectedDeltaTimeDriven="0" ProjectedProfit="39158.80141903209" ProjectedViolation="0" LocationType="CUSTOMER" OnBoardMeasure1="2" MasterRoute="0" AVLStatus="0" OnBoardMeasure2="1" OnBoardMeasure3="0" OnBoardMeasure4="0" PlannedStopNumber="8" PlannedDistance="26227" PlannedTimeDriven="2254" PlannedElapsedTime="8654" OrderID="15489800" LocationID="11621823" PlannedWorkTime="800" ProjectedWorkUnits="0" ResidualMeasure1="70" ResidualMeasure2="23" ResidualMeasure3="16" ResidualMeasure4="0" OnboardPathingHazmat="0" RoadPath="0" PathingWeight="-1" PlannedGeoStopNumber="8" InterspersableInd="True" Measure1="2" Measure2="1" Measure3="0" Measure4="0" Measure5="0" Measure6="0" Measure7="0" Measure8="0" Measure9="0" ServiceDuration="800" Profit="5000" Requirements="S18 3116" ActivityKey="114908313116_11490831_DROPOFF" Latitude="37.791174687445171" Longitude="-122.40793760865927" ResourceKey="3116_18_20190605_A" RootOrderKey="114908313116" UDFString1="11490831" UDFString2="18" UDFString3="3116" UDFString5="ATTENDED" UDFString6="R" UDFDateTime1="2019-06-05T18:00:00" UDFDateTime2="2019-06-05T22:00:00" AllowMiss="1" SelectedWindowOpenDateTime="2019-06-05T18:00:00" SelectedWindowTotalCloseDateTime="2019-06-05T22:00:00" SelectedWindowEarliestDate="2019-06-05T00:00:00" SelectedWindowLatestDate="2019-06-05T00:00:00" SelectedWindowTotalMeasure1="2" SelectedWindowTotalMeasure2="1" SelectedWindowTotalMeasure3="0" SelectedWindowTotalMeasure4="0" SelectedWindowTotalMeasure5="0" SelectedWindowTotalMeasure6="0" SelectedWindowTotalMeasure7="0" SelectedWindowTotalMeasure8="0" SelectedWindowTotalMeasure9="0">
<FWStopLocation StopLocationID="18782029" StopID="18782029" LocationKey="11490831" ContactFirstName="Pepper" ContactLastName="Potts 31" ContactPhone="5105142815" GeocodeScore="4500" GeocodeQuality="0" GeocodeSource="gt7cahinv.lmb" GeocodeType="NORMAL" ShipStreetName="725 Pine St" ShipStreetName2="Apt 101" ShipCity="San Francisco" ShipState="ca" ShipZipcode="94108" ShipCountry="US" Type="CUSTOMER" Status="MASTER" UDFString1="11490831" UDFString2="18" UDFString3="3116" UDFString5="ATTENDED" UDFString6="R" OnBoardMeasurePct1="100" ProjectedTimeUtilPct="60.097222222222221" Name="Pepper Potts 31" LocationServiceDuration="0" ContactEmail="ecom.rp@albertsons.com" Latitude="37.79117" Longitude="-122.40794"/>
<FWStopOrderLine LineID="18782029:342007408" StopID="18782029" RouteID="3530022" OrderKey="114908313116" ModifyDate="2019-06-04T18:49:43" ModifiedBy="14" OrderLineID="342007408" OrderID="15489800" ProductKey="0007007455958" CreatedDate="2019-06-04T18:50:02.847000000" ProductName="SIMILAC ADV CMPLT NUTRITION MAKES 94FZ" ActivityID="11727329" ActivityKey="114908313116_11490831_DROPOFF" UDFString1="ITEM" UDFString2="2" Quantity="1" c102="114908313116"/>
<FWStopOrderLine LineID="18782029:342007409" StopID="18782029" RouteID="3530022" OrderKey="114908313116" ModifyDate="2019-06-04T18:49:43" ModifiedBy="14" OrderLineID="342007409" OrderID="15489800" ProductKey="0007007458062" CreatedDate="2019-06-04T18:50:02.847000000" ProductName="PEDIASURE VANILLA WITH FIBER BOTTLE" ActivityID="11727329" ActivityKey="114908313116_11490831_DROPOFF" UDFString1="ITEM" UDFString2="4" Quantity="1" c102="114908313116"/>
<FWStopOrderLine LineID="18782029:342007410" StopID="18782029" RouteID="3530022" OrderKey="114908313116" ModifyDate="2019-06-04T18:49:43" ModifiedBy="14" OrderLineID="342007410" OrderID="15489800" ProductKey="0007007458050" CreatedDate="2019-06-04T18:50:02.847000000" ProductName="PEDIASURE VANILLA BOTTLE" ActivityID="11727329" ActivityKey="114908313116_11490831_DROPOFF" UDFString1="ITEM" UDFString2="3" Quantity="1" c102="114908313116"/>
<FWStopOrderLine LineID="18782029:342007411" StopID="18782029" RouteID="3530022" OrderKey="114908313116" ModifyDate="2019-06-04T18:49:43" ModifiedBy="14" OrderLineID="342007411" OrderID="15489800" ProductKey="90000000022154" CreatedDate="2019-06-04T18:50:02.847000000" ProductName="Delivery Fee" ActivityID="11727329" ActivityKey="114908313116_11490831_DROPOFF" UDFString1="FEE" UDFString2="1" Quantity="1" c102="114908313116"/>
<FWStopOrderLine LineID="18782029:342007412" StopID="18782029" RouteID="3530022" OrderKey="114908313116" ModifyDate="2019-06-04T18:49:43" ModifiedBy="14" OrderLineID="342007412" OrderID="15489800" ProductKey="0003307430133" CreatedDate="2019-06-04T18:50:02.847000000" ProductName="ASPARAGUS GREEN" ActivityID="11727329" ActivityKey="114908313116_11490831_DROPOFF" UDFString1="ITEM" UDFString2="5" Quantity="1" c102="114908313116"/>
<FWStopOrderLine LineID="18782029:342007413" StopID="18782029" RouteID="3530022" OrderKey="114908313116" ModifyDate="2019-06-04T18:49:43" ModifiedBy="14" OrderLineID="342007413" OrderID="15489800" ProductKey="0003700000741" CreatedDate="2019-06-04T18:50:02.847000000" ProductName="GAIN FLINGS ORIGINAL" ActivityID="11727329" ActivityKey="114908313116_11490831_DROPOFF" UDFString1="ITEM" UDFString2="6" Quantity="1" c102="114908313116"/>
<FWStopOrderLine LineID="18782029:342007414" StopID="18782029" RouteID="3530022" OrderKey="114908313116" ModifyDate="2019-06-04T18:49:43" ModifiedBy="14" OrderLineID="342007414" OrderID="15489800" ProductKey="0001090000510" CreatedDate="2019-06-04T18:50:02.847000000" ProductName="REYNOLDS OVEN BAG TURKEY SIZE" ActivityID="11727329" ActivityKey="114908313116_11490831_DROPOFF" UDFString1="ITEM" UDFString2="7" Quantity="2" c102="114908313116"/>
<FWStopOrderLine LineID="18782029:342007415" StopID="18782029" RouteID="3530022" OrderKey="114908313116" ModifyDate="2019-06-04T18:49:43" ModifiedBy="14" OrderLineID="342007415" OrderID="15489800" ProductKey="0007343500230" CreatedDate="2019-06-04T18:50:02.847000000" ProductName="KINGS HAWAIIAN RL SWT DNR ORIG 24 COUNT" ActivityID="11727329" ActivityKey="114908313116_11490831_DROPOFF" UDFString1="ITEM" UDFString2="8" Quantity="1" c102="114908313116"/>
<FWStopOrderLine LineID="18782029:342007416" StopID="18782029" RouteID="3530022" OrderKey="114908313116" ModifyDate="2019-06-04T18:49:43" ModifiedBy="14" OrderLineID="342007416" OrderID="15489800" ProductKey="0003700023033" CreatedDate="2019-06-04T18:50:02.847000000" ProductName="GAIN ORIGINAL FRESH LIQUID 96 LOAD" ActivityID="11727329" ActivityKey="114908313116_11490831_DROPOFF" UDFString1="ITEM" UDFString2="9" Quantity="1" c102="114908313116"/>
<FWStopOrderLine LineID="18782029:342007417" StopID="18782029" RouteID="3530022" OrderKey="114908313116" ModifyDate="2019-06-04T18:49:43" ModifiedBy="14" OrderLineID="342007417" OrderID="15489800" ProductKey="0001090008031" CreatedDate="2019-06-04T18:50:02.847000000" ProductName="REYNOLDS ALUMINUM FOIL WRAP 30" ActivityID="11727329" ActivityKey="114908313116_11490831_DROPOFF" UDFString1="ITEM" UDFString2="10" Quantity="1" c102="114908313116"/>
<FWStopOrderLine LineID="18782029:342007418" StopID="18782029" RouteID="3530022" OrderKey="114908313116" ModifyDate="2019-06-04T18:49:43" ModifiedBy="14" OrderLineID="342007418" OrderID="15489800" ProductKey="0002113010560" CreatedDate="2019-06-04T18:50:02.847000000" ProductName="S SEL/KTCHNS PIE CRUST DEEP DISH 2PK 9IN" ActivityID="11727329" ActivityKey="114908313116_11490831_DROPOFF" UDFString1="ITEM" UDFString2="11" Quantity="2" c102="114908313116"/>
<FWStopOrderLine LineID="18782029:342007419" StopID="18782029" RouteID="3530022" OrderKey="114908313116" ModifyDate="2019-06-04T18:49:43" ModifiedBy="14" OrderLineID="342007419" OrderID="15489800" ProductKey="0007989340150" CreatedDate="2019-06-04T18:50:02.847000000" ProductName="O ORGNC EGGS BROWN LARGE GRADE A" ActivityID="11727329" ActivityKey="114908313116_11490831_DROPOFF" UDFString1="ITEM" UDFString2="12" Quantity="1" c102="114908313116"/>
<FWActivityWindow ActivityWindowID="16045868" ActivityID="11727329" CreatedDate="2019-06-04T18:50:02.830000000" Type="ARRIVE" EarliestTime="1900-12-30T18:00:00" LatestTime="1900-12-30T22:00:00" EarliestDate="2019-06-05T00:00:00" LatestDate="2019-06-05T00:00:00" ModifiedBy="14" ModifyDate="2019-06-04T18:49:43" OpenDateTime="2019-06-05T18:00:00" CloseDateTime="2019-06-05T22:00:00"/>
<DocLocation LocationID="11621823" LocationKey="11490831" CreatedBy="14" CreatedDate="2019-06-04T18:49:56.697000000" ContactFirstName="Pepper" ContactLastName="Potts 31" ContactPhone="5105142815" Latitude="37.79117" Longitude="-122.40794" GeocodeFilter="0" GeocodeLatitude="37.79117" GeocodeLongitude="-122.40794" GeocodePolicy="2" GeocodeQuality="0" GeocodeScore="4500" GeocodeSource="gt7cahinv.lmb" GeocodeType="NORMAL" Measure1RechargeRate="0" Measure2RechargeRate="0" Measure3RechargeRate="0" Measure4RechargeRate="0" Measure5RechargeRate="0" Measure6RechargeRate="0" Measure7RechargeRate="0" Measure8RechargeRate="0" Measure9RechargeRate="0" PreServiceDuration="0" ServiceDuration="0" ShipCity="San Francisco" ShipCountry="US" ShipState="ca" ShipStreetName="725 Pine St" ShipStreetName2="Apt 101" ShipZipcode="94108" Status="MASTER" Type="CUSTOMER" Measure1="0" Measure2="0" Measure3="0" Measure4="0" Measure5="0" Measure6="0" Measure7="0" Measure8="0" Measure9="0" Name="Pepper Potts 31" LockLatLong="False" ContactEmail="ecom.rp@albertsons.com" MaxOnboardMeasure1="0" MaxOnboardMeasure2="0" MaxOnboardMeasure3="0" MaxOnboardMeasure4="0" MaxOnboardMeasure5="0" MaxOnboardMeasure6="0" MaxOnboardMeasure7="0" MaxOnboardMeasure8="0" MaxOnboardMeasure9="0" MaxDockDoors="0"/>
</DocStop>
<DocStop StopID="18785463" RouteID="3530022" ScheduleID="599" ActivityID="11727513" GeoStopNumber="9" StopNumber="9" ScheduleKey="NorCal_AVL" OrderKey="114908353116" LocationKey="11490835" ModifiedBy="167" ModifyDate="2019-06-05T15:10:26.987000000" CreatedDate="2019-06-05T14:36:01.707000000" PlannedArrivedDate="2019-06-05T20:24:14" PlannedBegunDate="2019-06-05T20:24:14" PlannedCompletedDate="2019-06-05T20:37:34" PlannedDepartedDate="2019-06-05T20:37:34" ProjectedDeltaPenalty="0" CustomerStopNumber="9" ProjectedDistance="26227.231567382809" ProjectedBreaks="0" ProjectedRests="0" PhysicalStopNumber="9" ProjectedArrivalDate="2019-06-05T20:24:14" ProjectedBegunDate="2019-06-05T20:24:14" ProjectedCompletedDate="2019-06-05T20:37:34" ProjectedDeltaElapsedTime="800" ProjectedDeltaDistance="0" ProjectedDepartDate="2019-06-05T20:37:34" ProjectedElapsedTime="9454" Status="1" ProjectedTimeDriven="2254" Type="3" ProjectedBreakTime="0" ProjectedRestTime="0" ProjectedWaitTime="0" ProjectedWorkTime="800" ProjectedSlackTime="0" ProjectedDeltaTimeDriven="0" ProjectedProfit="44065.802419032087" ProjectedViolation="0" LocationType="CUSTOMER" OnBoardMeasure1="0" MasterRoute="0" AVLStatus="0" OnBoardMeasure2="0" OnBoardMeasure3="0" OnBoardMeasure4="0" PlannedStopNumber="9" PlannedDistance="26227" PlannedTimeDriven="2254" PlannedElapsedTime="9454" OrderID="15489984" LocationID="11622003" PlannedWorkTime="800" ProjectedWorkUnits="0" ResidualMeasure1="72" ResidualMeasure2="24" ResidualMeasure3="16" ResidualMeasure4="0" OnboardPathingHazmat="0" RoadPath="0" PathingWeight="-1" PlannedGeoStopNumber="9" InterspersableInd="True" Measure1="2" Measure2="1" Measure3="0" Measure4="0" Measure5="0" Measure6="0" Measure7="0" Measure8="0" Measure9="0" ServiceDuration="800" Profit="5000" Requirements="S18 3116" ActivityKey="114908353116_11490835_DROPOFF" Latitude="37.791174687445171" Longitude="-122.40793760865927" ResourceKey="3116_18_20190605_A" RootOrderKey="114908353116" UDFString1="11490835" UDFString2="18" UDFString3="3116" UDFString5="ATTENDED" UDFString6="R" UDFDateTime1="2019-06-05T18:00:00" UDFDateTime2="2019-06-05T22:00:00" AllowMiss="1" SelectedWindowOpenDateTime="2019-06-05T18:00:00" SelectedWindowTotalCloseDateTime="2019-06-05T22:00:00" SelectedWindowEarliestDate="2019-06-05T00:00:00" SelectedWindowLatestDate="2019-06-05T00:00:00" SelectedWindowTotalMeasure1="2" SelectedWindowTotalMeasure2="1" SelectedWindowTotalMeasure3="0" SelectedWindowTotalMeasure4="0" SelectedWindowTotalMeasure5="0" SelectedWindowTotalMeasure6="0" SelectedWindowTotalMeasure7="0" SelectedWindowTotalMeasure8="0" SelectedWindowTotalMeasure9="0">
<FWStopLocation StopLocationID="18785463" StopID="18785463" LocationKey="11490835" ContactFirstName="Pepper" ContactLastName="Potts 35" ContactPhone="5105142815" GeocodeScore="4500" GeocodeQuality="0" GeocodeSource="gt7cahinv.lmb" GeocodeType="NORMAL" ShipStreetName="725 Pine St" ShipStreetName2="Apt 101" ShipCity="San Francisco" ShipState="ca" ShipZipcode="94108" ShipCountry="US" Type="CUSTOMER" Status="MASTER" UDFString1="11490835" UDFString2="18" UDFString3="3116" UDFString5="ATTENDED" UDFString6="R" OnBoardMeasurePct1="0" ProjectedTimeUtilPct="65.652777777777786" Name="Pepper Potts 35" LocationServiceDuration="0" ContactEmail="ecom.rp@albertsons.com" Latitude="37.79117" Longitude="-122.40794"/>
<FWStopOrderLine LineID="18785463:342009587" StopID="18785463" RouteID="3530022" OrderKey="114908353116" ModifyDate="2019-06-05T14:35:40" ModifiedBy="14" OrderLineID="342009587" OrderID="15489984" ProductKey="0007007455958" CreatedDate="2019-06-05T14:36:01.720000000" ProductName="SIMILAC ADV CMPLT NUTRITION MAKES 94FZ" ActivityID="11727513" ActivityKey="114908353116_11490835_DROPOFF" UDFString1="ITEM" UDFString2="2" Quantity="1" c102="114908353116"/>
<FWStopOrderLine LineID="18785463:342009588" StopID="18785463" RouteID="3530022" OrderKey="114908353116" ModifyDate="2019-06-05T14:35:40" ModifiedBy="14" OrderLineID="342009588" OrderID="15489984" ProductKey="0007007458062" CreatedDate="2019-06-05T14:36:01.720000000" ProductName="PEDIASURE VANILLA WITH FIBER BOTTLE" ActivityID="11727513" ActivityKey="114908353116_11490835_DROPOFF" UDFString1="ITEM" UDFString2="4" Quantity="1" c102="114908353116"/>
<FWStopOrderLine LineID="18785463:342009589" StopID="18785463" RouteID="3530022" OrderKey="114908353116" ModifyDate="2019-06-05T14:35:40" ModifiedBy="14" OrderLineID="342009589" OrderID="15489984" ProductKey="0007007458050" CreatedDate="2019-06-05T14:36:01.720000000" ProductName="PEDIASURE VANILLA BOTTLE" ActivityID="11727513" ActivityKey="114908353116_11490835_DROPOFF" UDFString1="ITEM" UDFString2="3" Quantity="1" c102="114908353116"/>
<FWStopOrderLine LineID="18785463:342009590" StopID="18785463" RouteID="3530022" OrderKey="114908353116" ModifyDate="2019-06-05T14:35:40" ModifiedBy="14" OrderLineID="342009590" OrderID="15489984" ProductKey="90000000022154" CreatedDate="2019-06-05T14:36:01.720000000" ProductName="Delivery Fee" ActivityID="11727513" ActivityKey="114908353116_11490835_DROPOFF" UDFString1="FEE" UDFString2="1" Quantity="1" c102="114908353116"/>
<FWStopOrderLine LineID="18785463:342009591" StopID="18785463" RouteID="3530022" OrderKey="114908353116" ModifyDate="2019-06-05T14:35:40" ModifiedBy="14" OrderLineID="342009591" OrderID="15489984" ProductKey="0003307430133" CreatedDate="2019-06-05T14:36:01.720000000" ProductName="ASPARAGUS GREEN" ActivityID="11727513" ActivityKey="114908353116_11490835_DROPOFF" UDFString1="ITEM" UDFString2="5" Quantity="1" c102="114908353116"/>
<FWStopOrderLine LineID="18785463:342009592" StopID="18785463" RouteID="3530022" OrderKey="114908353116" ModifyDate="2019-06-05T14:35:40" ModifiedBy="14" OrderLineID="342009592" OrderID="15489984" ProductKey="0003700000741" CreatedDate="2019-06-05T14:36:01.720000000" ProductName="GAIN FLINGS ORIGINAL" ActivityID="11727513" ActivityKey="114908353116_11490835_DROPOFF" UDFString1="ITEM" UDFString2="6" Quantity="1" c102="114908353116"/>
<FWStopOrderLine LineID="18785463:342009593" StopID="18785463" RouteID="3530022" OrderKey="114908353116" ModifyDate="2019-06-05T14:35:40" ModifiedBy="14" OrderLineID="342009593" OrderID="15489984" ProductKey="0001090000510" CreatedDate="2019-06-05T14:36:01.720000000" ProductName="REYNOLDS OVEN BAG TURKEY SIZE" ActivityID="11727513" ActivityKey="114908353116_11490835_DROPOFF" UDFString1="ITEM" UDFString2="7" Quantity="2" c102="114908353116"/>
<FWStopOrderLine LineID="18785463:342009594" StopID="18785463" RouteID="3530022" OrderKey="114908353116" ModifyDate="2019-06-05T14:35:40" ModifiedBy="14" OrderLineID="342009594" OrderID="15489984" ProductKey="0007343500230" CreatedDate="2019-06-05T14:36:01.720000000" ProductName="KINGS HAWAIIAN RL SWT DNR ORIG 24 COUNT" ActivityID="11727513" ActivityKey="114908353116_11490835_DROPOFF" UDFString1="ITEM" UDFString2="8" Quantity="1" c102="114908353116"/>
<FWStopOrderLine LineID="18785463:342009595" StopID="18785463" RouteID="3530022" OrderKey="114908353116" ModifyDate="2019-06-05T14:35:40" ModifiedBy="14" OrderLineID="342009595" OrderID="15489984" ProductKey="0003700023033" CreatedDate="2019-06-05T14:36:01.720000000" ProductName="GAIN ORIGINAL FRESH LIQUID 96 LOAD" ActivityID="11727513" ActivityKey="114908353116_11490835_DROPOFF" UDFString1="ITEM" UDFString2="9" Quantity="1" c102="114908353116"/>
<FWStopOrderLine LineID="18785463:342009596" StopID="18785463" RouteID="3530022" OrderKey="114908353116" ModifyDate="2019-06-05T14:35:40" ModifiedBy="14" OrderLineID="342009596" OrderID="15489984" ProductKey="0001090008031" CreatedDate="2019-06-05T14:36:01.720000000" ProductName="REYNOLDS ALUMINUM FOIL WRAP 30" ActivityID="11727513" ActivityKey="114908353116_11490835_DROPOFF" UDFString1="ITEM" UDFString2="10" Quantity="1" c102="114908353116"/>
<FWStopOrderLine LineID="18785463:342009597" StopID="18785463" RouteID="3530022" OrderKey="114908353116" ModifyDate="2019-06-05T14:35:40" ModifiedBy="14" OrderLineID="342009597" OrderID="15489984" ProductKey="0002113010560" CreatedDate="2019-06-05T14:36:01.720000000" ProductName="S SEL/KTCHNS PIE CRUST DEEP DISH 2PK 9IN" ActivityID="11727513" ActivityKey="114908353116_11490835_DROPOFF" UDFString1="ITEM" UDFString2="11" Quantity="2" c102="114908353116"/>
<FWStopOrderLine LineID="18785463:342009598" StopID="18785463" RouteID="3530022" OrderKey="114908353116" ModifyDate="2019-06-05T14:35:40" ModifiedBy="14" OrderLineID="342009598" OrderID="15489984" ProductKey="0007989340150" CreatedDate="2019-06-05T14:36:01.720000000" ProductName="O ORGNC EGGS BROWN LARGE GRADE A" ActivityID="11727513" ActivityKey="114908353116_11490835_DROPOFF" UDFString1="ITEM" UDFString2="12" Quantity="1" c102="114908353116"/>
<FWActivityWindow ActivityWindowID="16046115" ActivityID="11727513" CreatedDate="2019-06-05T14:36:01.703000000" Type="ARRIVE" EarliestTime="1900-12-30T18:00:00" LatestTime="1900-12-30T22:00:00" EarliestDate="2019-06-05T00:00:00" LatestDate="2019-06-05T00:00:00" ModifiedBy="14" ModifyDate="2019-06-05T14:35:40" OpenDateTime="2019-06-05T18:00:00" CloseDateTime="2019-06-05T22:00:00"/>
<DocLocation LocationID="11622003" LocationKey="11490835" CreatedBy="14" CreatedDate="2019-06-05T14:35:55.923000000" ContactFirstName="Pepper" ContactLastName="Potts 35" ContactPhone="5105142815" Latitude="37.79117" Longitude="-122.40794" GeocodeFilter="0" GeocodeLatitude="37.79117" GeocodeLongitude="-122.40794" GeocodePolicy="2" GeocodeQuality="0" GeocodeScore="4500" GeocodeSource="gt7cahinv.lmb" GeocodeType="NORMAL" Measure1RechargeRate="0" Measure2RechargeRate="0" Measure3RechargeRate="0" Measure4RechargeRate="0" Measure5RechargeRate="0" Measure6RechargeRate="0" Measure7RechargeRate="0" Measure8RechargeRate="0" Measure9RechargeRate="0" PreServiceDuration="0" ServiceDuration="0" ShipCity="San Francisco" ShipCountry="US" ShipState="ca" ShipStreetName="725 Pine St" ShipStreetName2="Apt 101" ShipZipcode="94108" Status="MASTER" Type="CUSTOMER" Measure1="0" Measure2="0" Measure3="0" Measure4="0" Measure5="0" Measure6="0" Measure7="0" Measure8="0" Measure9="0" Name="Pepper Potts 35" LockLatLong="False" ContactEmail="ecom.rp@albertsons.com" MaxOnboardMeasure1="0" MaxOnboardMeasure2="0" MaxOnboardMeasure3="0" MaxOnboardMeasure4="0" MaxOnboardMeasure5="0" MaxOnboardMeasure6="0" MaxOnboardMeasure7="0" MaxOnboardMeasure8="0" MaxOnboardMeasure9="0" MaxDockDoors="0"/>
</DocStop>
<DocStop StopID="18785372" RouteID="3530022" ScheduleID="599" GeoStopNumber="10" StopNumber="10" ScheduleKey="NorCal_AVL" LocationKey="3116" ModifiedBy="167" ModifyDate="2019-06-05T15:10:26.987000000" CreatedDate="2019-06-05T12:39:09.403000000" PlannedArrivedDate="2019-06-05T21:04:31" PlannedBegunDate="2019-06-05T21:04:31" PlannedCompletedDate="2019-06-05T21:04:31" PlannedDepartedDate="2019-06-05T21:04:31" ProjectedDeltaPenalty="14.199499130249023" CustomerStopNumber="9" ProjectedDistance="48530.74523925782" ProjectedBreaks="0" ProjectedRests="0" PhysicalStopNumber="9" ProjectedArrivalDate="2019-06-05T21:04:31" ProjectedBegunDate="2019-06-05T21:04:31" ProjectedCompletedDate="2019-06-05T21:04:31" ProjectedDeltaElapsedTime="1617" ProjectedDeltaDistance="22303.513671875" ProjectedDepartDate="2019-06-05T21:04:31" ProjectedElapsedTime="11071" Status="1" ProjectedTimeDriven="3871" Type="1" ProjectedBreakTime="0" ProjectedRestTime="0" ProjectedWaitTime="0" ProjectedWorkTime="0" ProjectedSlackTime="0" ProjectedDeltaTimeDriven="1617" ProjectedProfit="43741.572919901839" ProjectedViolation="0" LocationType="DEPOT" State="1" OnBoardMeasure1="0" MasterRoute="0" AVLStatus="0" OnBoardMeasure2="0" OnBoardMeasure3="0" OnBoardMeasure4="0" PlannedStopNumber="10" PlannedDistance="48531" PlannedTimeDriven="3871" PlannedElapsedTime="11071" LocationID="58151" PlannedWorkTime="0" ProjectedWorkUnits="0" ResidualMeasure1="72" ResidualMeasure2="24" ResidualMeasure3="16" ResidualMeasure4="0" OnboardPathingHazmat="0" RoadPath="0" PathingWeight="-1" PlannedGeoStopNumber="10" Latitude="37.645530000000001" Longitude="-122.45356" ResourceKey="3116_18_20190605_A" AllowMiss="1">
<FWStopLocation StopLocationID="18785372" StopID="18785372" LocationKey="3116" GeocodeScore="4500" GeocodeQuality="0" GeocodeSource="n7cahinv.lmb" GeocodeType="NORMAL" ShipStreetName="2255 GELLERT BLVD" ShipCity="S SAN FRANCISCO" ShipState="CA" ShipZipcode="94080" Type="DEPOT" Status="MASTER" ProjectedTimeUtilPct="76.881944444444457" Name="S SAN FRANCISCO" LocationServiceDuration="0" Latitude="37.64553" Longitude="-122.45356"/>
<DocLocation LocationID="58151" LocationKey="3116" CreatedDate="2008-09-10T10:00:38.503000000" Latitude="37.64553" Longitude="-122.45356" GeocodeFilter="0" GeocodeLatitude="37.64553" GeocodeLongitude="-122.45356" GeocodePolicy="2" GeocodeQuality="0" GeocodeScore="4500" GeocodeSource="n7cahinv.lmb" GeocodeType="NORMAL" Measure1RechargeRate="0" Measure2RechargeRate="0" Measure3RechargeRate="0" Measure4RechargeRate="0" Measure5RechargeRate="0" Measure6RechargeRate="0" Measure7RechargeRate="0" Measure8RechargeRate="0" Measure9RechargeRate="0" PreServiceDuration="0" ServiceDuration="0" ShipCity="S SAN FRANCISCO" ShipState="CA" ShipStreetName="2255 GELLERT BLVD" ShipZipcode="94080" Status="MASTER" Type="DEPOT" Measure1="0" Measure2="0" Measure3="0" Measure4="0" Measure5="0" Measure6="0" Measure7="0" Measure8="0" Measure9="0" Name="S SAN FRANCISCO" UDFString2="21-232907" LockLatLong="False" MaxDockDoors="0"/>
</DocStop>
<FWProductQty RouteID="3530022" ProductKey="0001090000510" Quantity="18"/>
<FWProductQty RouteID="3530022" ProductKey="0001090008031" Quantity="9"/>
<FWProductQty RouteID="3530022" ProductKey="0002113010560" Quantity="18"/>
<FWProductQty RouteID="3530022" ProductKey="0003307430133" Quantity="9"/>
<FWProductQty RouteID="3530022" ProductKey="0003700000741" Quantity="9"/>
<FWProductQty RouteID="3530022" ProductKey="0003700023033" Quantity="9"/>
<FWProductQty RouteID="3530022" ProductKey="0007007455958" Quantity="9"/>
<FWProductQty RouteID="3530022" ProductKey="0007007458050" Quantity="9"/>
<FWProductQty RouteID="3530022" ProductKey="0007007458062" Quantity="9"/>
<FWProductQty RouteID="3530022" ProductKey="0007343500230" Quantity="9"/>
<FWProductQty RouteID="3530022" ProductKey="0007989340150" Quantity="9"/>
<FWProductQty RouteID="3530022" ProductKey="90000000022154" Quantity="9"/>
</DocRouteDetail>
</Request>
</DocFWImport>