{
"mode": "batch",
"jobs": [
	{
		"name": "job1",
		"description": " sample job ",
		"fileInputs":[
			{
				"dataFrameName": "DF1",
				"fileInPath": "/Users/nlangaliya/Downloads/IngestionFramework/InputData/InputFiles/csv/abc.csv",
				"archivalPath": " ",
				"numPartitions": 10,
				"dataFormat":{
					"dataFormat": "CSV",
					"header": true,
					"delimiter": "|",
					"inferSchema": false,
					"multiLine": false
				}
			},
			{
				"dataFrameName": "DF2",
				"fileInPath": "/Users/nlangaliya/Downloads/IngestionFramework/InputData/InputFiles/json/sampleJson.json",
				"archivalPath": " ",
				"numPartitions": 2,
				"dataFormat":{
					"dataFormat": "JSON",
					"multiLine": true
				},
				"enforceSchemaFile":  "/Users/nlangaliya/Downloads/IngestionFramework/InputData/InputSchema/json/sampleSchema.json"
			}
		],
		"fileOutputs": [
			{
				"dataFrameName": "DF1",
				"format": "PARQUET",
				"fileOutPath": "/Users/nlangaliya/Downloads/IngestionFramework/OutputData/parquet",
				"mode": "Overwrite",
				"partitions": 2,
				"header": true,
				"delimiter": "|",
				"partitionBy": ["a1", "c1"],
				"addColumns": [
					{
						"columnName": "a1",
						"columnType": "int",
						"columnValue": "current_date"
					},
					{
						"columnName": "a2",
						"columnType": "int",
						"columnValue": "123"
					},
					{
						"columnName": "a3",
						"columnType": "int",
						"columnValue": "epoch"
					}
				]
			},
			{
				"dataFrameName": "DF1",
				"format": "csv",
				"fileOutPath": "/Users/nlangaliya/Downloads/IngestionFramework/OutputData/csv",
				"mode": "Overwrite",
				"partitions": 2
			}
		]
	}
]
}