<?xml version="1.0" encoding="UTF-8"?>
<GetItemMasterSupplyChain
	xmlns:Abs="http://collab.safeway.com/it/architecture/info/default.aspx">
	<DocumentData>
		<Document ReleaseId="" VersionId="" SystemEnvironmentCd="IIBPRD6F">
			<Abs:DocumentID></Abs:DocumentID>
			<Abs:AlternateDocumentID></Abs:AlternateDocumentID>
			<Abs:InboundOutboundInd>Outbound from Albertson</Abs:InboundOutboundInd>
			<Abs:DocumentNm>ItemMasterSupplyChain</Abs:DocumentNm>
			<Abs:CreationDt>2019-01-10T16:04:36.641-07:00</Abs:CreationDt>
			<Abs:Description Type=""></Abs:Description>
			<Abs:SourceApplicationCd>Mainframe(SSIMS)</Abs:SourceApplicationCd>
			<Abs:TargetApplicationCd>EDIS</Abs:TargetApplicationCd>
			<Abs:Note Type=""></Abs:Note>
			<Abs:GatewayNm>GoldenGate CDC</Abs:GatewayNm>
			<Abs:SenderId QualifierCd=""></Abs:SenderId>
			<Abs:ReceiverId QualifierCd=""></Abs:ReceiverId>
			<Abs:RoutingSystemNm></Abs:RoutingSystemNm>
			<Abs:InternalFileTransferInd></Abs:InternalFileTransferInd>
			<Abs:InterchangeDate></Abs:InterchangeDate>
			<Abs:InterchangeTime></Abs:InterchangeTime>
			<Abs:ExternalTargetInd></Abs:ExternalTargetInd>
		</Document>
		<DocumentAction>
			<Abs:ActionTypeCd>Update</Abs:ActionTypeCd>
			<Abs:RecordTypeCd>Change</Abs:RecordTypeCd>
		</DocumentAction>
	</DocumentData>
	<SupplyChainItemData>
		<Abs:CorporationId>001</Abs:CorporationId>
		<Abs:DivisionId>25</Abs:DivisionId>
		<Abs:DistributionCenterId>WNCA</Abs:DistributionCenterId>
		<Abs:WarehouseId>2539</Abs:WarehouseId>
		<Abs:CorporateItemCd>53350500</Abs:CorporateItemCd>
		<Abs:DepartmentId>211</Abs:DepartmentId>
		<Abs:ItemId>
			<Abs:UPC>
				<Abs:UPCNbr>008680086009</Abs:UPCNbr>
				<Abs:UPCTxt></Abs:UPCTxt>
			</Abs:UPC>
			<Abs:UPCComponents>
				<Abs:PackInd>1</Abs:PackInd>
				<Abs:ManufacturerId>86800</Abs:ManufacturerId>
				<Abs:SalesId>86009</Abs:SalesId>
				<Abs:CountryId>0</Abs:CountryId>
				<Abs:SystemId>0</Abs:SystemId>
				<Abs:CheckDigit>9</Abs:CheckDigit>
			</Abs:UPCComponents>
			<Abs:GTINID>086800860099</Abs:GTINID>
			<Abs:VendorProductID>0086800860096</Abs:VendorProductID>
			<Abs:ManufProductId>086800860099</Abs:ManufProductId>
			<Abs:SystemSpecificItemId>00001         </Abs:SystemSpecificItemId>
			<Abs:RFID></Abs:RFID>
			<Abs:InternalItemId>00001         </Abs:InternalItemId>
			<Abs:BranchItemCd>19672</Abs:BranchItemCd>
			<Abs:ItemDescription>NTG LIQ SUNSCREEN ULTRA SHEER SPF70     </Abs:ItemDescription>
		</Abs:ItemId>
		<Abs:ProductHierarchy>
			<Abs:ProductGroup>
				<Abs:ProductGroupCd>53</Abs:ProductGroupCd>
				<Abs:ProductGroupNm>SKIN CARE                                     </Abs:ProductGroupNm>
			</Abs:ProductGroup>
			<Abs:ProductCategoryCd>
				<Abs:ProductCategoryCd>35</Abs:ProductCategoryCd>
				<Abs:ProductCategoryNm>SUN CARE SKIN CARE                            </Abs:ProductCategoryNm>
			</Abs:ProductCategoryCd>
			<Abs:ProductClassCd>
				<Abs:ProductClassCd>1</Abs:ProductClassCd>
				<Abs:ProductClassNm>GENERAL PROTECTION SUN CARE SKIN CARE         </Abs:ProductClassNm>
				<Abs:RetailSectionCd>312</Abs:RetailSectionCd>
			</Abs:ProductClassCd>
			<Abs:ProductSubClassLevel1>
				<Abs:ProductSubClassLevel1Cd>15</Abs:ProductSubClassLevel1Cd>
				<Abs:ProductSubClassLevel1Nm>SPF&gt;=50 GENERAL PROTECTION SUN CARE           </Abs:ProductSubClassLevel1Nm>
			</Abs:ProductSubClassLevel1>
			<Abs:ProductSubClassLevel2>
				<Abs:ProductSubClassLevel2Cd>1</Abs:ProductSubClassLevel2Cd>
				<Abs:ProductSubClassLevel2Nm>LOTION SPF &gt;=50 GENERAL PROTECTN SUN CARE     </Abs:ProductSubClassLevel2Nm>
			</Abs:ProductSubClassLevel2>
		</Abs:ProductHierarchy>
		<Abs:SMIC>
			<Abs:SMICGroupCd>53</Abs:SMICGroupCd>
			<Abs:SMICCategoryCd>35</Abs:SMICCategoryCd>
			<Abs:SMICClassCd>1</Abs:SMICClassCd>
			<Abs:SMICSubClassCd>15</Abs:SMICSubClassCd>
			<Abs:SMICSub_SubClassCd>1</Abs:SMICSub_SubClassCd>
		</Abs:SMIC>
		<Abs:ProductionGroupHierarchy>
			<Abs:ProductGroup>
				<Abs:ProductGroupCd>0</Abs:ProductGroupCd>
			</Abs:ProductGroup>
			<Abs:ProductCategoryCd>
				<Abs:ProductCategoryCd>0</Abs:ProductCategoryCd>
			</Abs:ProductCategoryCd>
			<Abs:ProductClassCd>
				<Abs:ProductClassCd>0</Abs:ProductClassCd>
				<Abs:RetailSectionCd>312</Abs:RetailSectionCd>
			</Abs:ProductClassCd>
			<Abs:ProductSubClassLevel1>
				<Abs:ProductSubClassLevel1Cd>0</Abs:ProductSubClassLevel1Cd>
			</Abs:ProductSubClassLevel1>
			<Abs:ProductSubClassLevel2>
				<Abs:ProductSubClassLevel2Cd>0</Abs:ProductSubClassLevel2Cd>
			</Abs:ProductSubClassLevel2>
		</Abs:ProductionGroupHierarchy>
		<Abs:CorpItemReference>
			<Abs:UPCID>008680086009</Abs:UPCID>
			<Abs:UPCComponents>
				<Abs:PackInd>1</Abs:PackInd>
				<Abs:ManufacturerId>86800</Abs:ManufacturerId>
				<Abs:SalesId>86009</Abs:SalesId>
				<Abs:CountryId>0</Abs:CountryId>
				<Abs:SystemId>0</Abs:SystemId>
				<Abs:CheckDigit>9</Abs:CheckDigit>
			</Abs:UPCComponents>
			<Abs:StatusCd></Abs:StatusCd>
			<Abs:PackNutrientInd></Abs:PackNutrientInd>
			<Abs:NutriEnvirItemCd></Abs:NutriEnvirItemCd>
			<Abs:PrefCICSeqNbr>5</Abs:PrefCICSeqNbr>
			<Abs:PrefCICLockInd></Abs:PrefCICLockInd>
		</Abs:CorpItemReference>
		<Abs:CorpItemReference>
			<Abs:UPCID>008680086009</Abs:UPCID>
			<Abs:UPCComponents>
				<Abs:PackInd>1</Abs:PackInd>
				<Abs:ManufacturerId>86800</Abs:ManufacturerId>
				<Abs:SalesId>86009</Abs:SalesId>
				<Abs:CountryId>0</Abs:CountryId>
				<Abs:SystemId>0</Abs:SystemId>
				<Abs:CheckDigit>9</Abs:CheckDigit>
			</Abs:UPCComponents>
			<Abs:StatusCd></Abs:StatusCd>
			<Abs:PackNutrientInd></Abs:PackNutrientInd>
			<Abs:NutriEnvirItemCd></Abs:NutriEnvirItemCd>
			<Abs:PrefCICSeqNbr>12</Abs:PrefCICSeqNbr>
			<Abs:PrefCICLockInd></Abs:PrefCICLockInd>
		</Abs:CorpItemReference>
		<Abs:CorpItemReference>
			<Abs:UPCID>008680086009</Abs:UPCID>
			<Abs:UPCComponents>
				<Abs:PackInd>1</Abs:PackInd>
				<Abs:ManufacturerId>86800</Abs:ManufacturerId>
				<Abs:SalesId>86009</Abs:SalesId>
				<Abs:CountryId>0</Abs:CountryId>
				<Abs:SystemId>0</Abs:SystemId>
				<Abs:CheckDigit>9</Abs:CheckDigit>
			</Abs:UPCComponents>
			<Abs:StatusCd></Abs:StatusCd>
			<Abs:PackNutrientInd></Abs:PackNutrientInd>
			<Abs:NutriEnvirItemCd></Abs:NutriEnvirItemCd>
			<Abs:PrefCICSeqNbr>1</Abs:PrefCICSeqNbr>
			<Abs:PrefCICLockInd></Abs:PrefCICLockInd>
		</Abs:CorpItemReference>
		<Abs:CorpItemReference>
			<Abs:UPCID>008680086009</Abs:UPCID>
			<Abs:UPCComponents>
				<Abs:PackInd>1</Abs:PackInd>
				<Abs:ManufacturerId>86800</Abs:ManufacturerId>
				<Abs:SalesId>86009</Abs:SalesId>
				<Abs:CountryId>0</Abs:CountryId>
				<Abs:SystemId>0</Abs:SystemId>
				<Abs:CheckDigit>9</Abs:CheckDigit>
			</Abs:UPCComponents>
			<Abs:StatusCd></Abs:StatusCd>
			<Abs:PackNutrientInd></Abs:PackNutrientInd>
			<Abs:NutriEnvirItemCd></Abs:NutriEnvirItemCd>
			<Abs:PrefCICSeqNbr>4</Abs:PrefCICSeqNbr>
			<Abs:PrefCICLockInd></Abs:PrefCICLockInd>
		</Abs:CorpItemReference>
		<Abs:CorpItemReference>
			<Abs:UPCID>008680086009</Abs:UPCID>
			<Abs:UPCComponents>
				<Abs:PackInd>1</Abs:PackInd>
				<Abs:ManufacturerId>86800</Abs:ManufacturerId>
				<Abs:SalesId>86009</Abs:SalesId>
				<Abs:CountryId>0</Abs:CountryId>
				<Abs:SystemId>0</Abs:SystemId>
				<Abs:CheckDigit>9</Abs:CheckDigit>
			</Abs:UPCComponents>
			<Abs:StatusCd></Abs:StatusCd>
			<Abs:PackNutrientInd></Abs:PackNutrientInd>
			<Abs:NutriEnvirItemCd></Abs:NutriEnvirItemCd>
			<Abs:PrefCICSeqNbr>6</Abs:PrefCICSeqNbr>
			<Abs:PrefCICLockInd></Abs:PrefCICLockInd>
		</Abs:CorpItemReference>
		<Abs:ROGItemReference>
			<Abs:ROGCd>SNCA</Abs:ROGCd>
			<Abs:UPCID>008680086009</Abs:UPCID>
			<Abs:UPCComponents>
				<Abs:PackInd>1</Abs:PackInd>
				<Abs:ManufacturerId>86800</Abs:ManufacturerId>
				<Abs:SalesId>86009</Abs:SalesId>
				<Abs:CountryId>0</Abs:CountryId>
				<Abs:SystemId>0</Abs:SystemId>
				<Abs:CheckDigit>9</Abs:CheckDigit>
			</Abs:UPCComponents>
			<Abs:StatusCd>N</Abs:StatusCd>
			<Abs:PrimaryUPCInd>Y</Abs:PrimaryUPCInd>
			<Abs:RetailSectionCd>312</Abs:RetailSectionCd>
			<Abs:RetailSectionNm>FAMILY CARE GMHBC   </Abs:RetailSectionNm>
			<Abs:PackNutrientInd></Abs:PackNutrientInd>
			<Abs:NutriEnvirItemCd></Abs:NutriEnvirItemCd>
			<Abs:HazardousItemInd></Abs:HazardousItemInd>
			<Abs:HazardousClassCd></Abs:HazardousClassCd>
			<Abs:RetailStatusInd>C</Abs:RetailStatusInd>
			<Abs:OptionalOrderInd></Abs:OptionalOrderInd>
			<Abs:OrderGuide>
				<Abs:NewItemInd></Abs:NewItemInd>
				<Abs:SuppressedInd></Abs:SuppressedInd>
				<Abs:DisplayGroupSuppressedInd></Abs:DisplayGroupSuppressedInd>
			</Abs:OrderGuide>
			<Abs:ItemTypeCd>0</Abs:ItemTypeCd>
			<Abs:ProductSourceInd>W</Abs:ProductSourceInd>
			<Abs:ItemOnDSDInd></Abs:ItemOnDSDInd>
			<Abs:ProductTypeCd>HZ</Abs:ProductTypeCd>
			<Abs:OffInvoiceInCostInd></Abs:OffInvoiceInCostInd>
		</Abs:ROGItemReference>
		<Abs:CommonGroup>
			<Abs:CommonCd>0</Abs:CommonCd>
			<Abs:CommonCostSubCd>0</Abs:CommonCostSubCd>
			<Abs:LikeItemCompareCd></Abs:LikeItemCompareCd>
			<Abs:CommonRetailCd>0</Abs:CommonRetailCd>
			<Abs:CommonPromotionCd></Abs:CommonPromotionCd>
			<Abs:ComparisonItemTypeCd>0</Abs:ComparisonItemTypeCd>
		</Abs:CommonGroup>
		<Abs:ItemStatus>
			<Abs:CorpItemStatus>
				<Abs:StatusCd>V</Abs:StatusCd>
				<Abs:StatusEffDt>2018-12-08 00:00:00</Abs:StatusEffDt>
				<Abs:CreateDt>2018-12-08 00:00:00</Abs:CreateDt>
			</Abs:CorpItemStatus>
			<Abs:WarehouseItemStatus>
				<Abs:StatusCd>N</Abs:StatusCd>
				<Abs:StatusEffDt>2018-12-08 00:00:00</Abs:StatusEffDt>
				<Abs:CreateDt>2018-12-08 00:00:00</Abs:CreateDt>
			</Abs:WarehouseItemStatus>
		</Abs:ItemStatus>
		<Abs:ItemDsc>
			<Abs:WarehouseItemDsc>NTG LIQ SUNSCREEN ULTRA SHEER SPF70     </Abs:WarehouseItemDsc>
			<Abs:InternetItemDsc>NEUTROGENA ULTRA SHEER LIQUID SUNSCREEN SPF 70                             </Abs:InternetItemDsc>
			<Abs:RetailItemDsc>NEUTROGENA ULTRA SHEER LIQUID SUNSCREEN SPF 70                  </Abs:RetailItemDsc>
			<Abs:VendorItemDsc></Abs:VendorItemDsc>
		</Abs:ItemDsc>
		<Abs:Buyer>
			<Abs:BuyerId>SW</Abs:BuyerId>
			<Abs:BuyerNm>JESSE HALVERSON     </Abs:BuyerNm>
			<Abs:FacilityId>2539</Abs:FacilityId>
			<Abs:BuyerPhoneNbr>2098334776</Abs:BuyerPhoneNbr>
			<Abs:BuyerEmailId>JESSE.HALVERSON@SAFEWAY.COM                                                                         </Abs:BuyerEmailId>
			<Abs:BuyerComment></Abs:BuyerComment>
		</Abs:Buyer>
		<Abs:Vendor>
			<Abs:VendorId>000736</Abs:VendorId>
			<Abs:VendorSubAccountNbr>009</Abs:VendorSubAccountNbr>
			<Abs:WarehouseVendorId>2501</Abs:WarehouseVendorId>
			<Abs:PACSVendorNbr>000736-009-2501</Abs:PACSVendorNbr>
			<Abs:VendorConversionFactor>4</Abs:VendorConversionFactor>
			<Abs:VendorUPC>0086800860091</Abs:VendorUPC>
			<Abs:VendorProductNbr></Abs:VendorProductNbr>
			<Abs:VendorItemDimensions>
				<Abs:VendorPackCd>CA</Abs:VendorPackCd>
				<Abs:VendorPackCube>.21</Abs:VendorPackCube>
				<Abs:PalletLayer>41</Abs:PalletLayer>
				<Abs:PalletHeight>5</Abs:PalletHeight>
				<Abs:ItemUnitNbr>1.4 OZ </Abs:ItemUnitNbr>
				<Abs:ItemSizeNbr>.625</Abs:ItemSizeNbr>
				<Abs:UOMCd>LB</Abs:UOMCd>
			</Abs:VendorItemDimensions>
			<Abs:VendorCostAreaCd>0</Abs:VendorCostAreaCd>
			<Abs:VendorServiceLevel>95.2</Abs:VendorServiceLevel>
			<Abs:VendorNm>JOHNSON &amp; JOHNSON CONSUMER INC.         </Abs:VendorNm>
			<Abs:VendorDUNSNbr>002347102    </Abs:VendorDUNSNbr>
			<Abs:LeadVendorInd></Abs:LeadVendorInd>
			<Abs:VendorContact>
				<Abs:ContactNm>JOHNSON &amp; JOHNSON CONSUMER INC.         </Abs:ContactNm>
				<Abs:PhoneNbr>9088741735</Abs:PhoneNbr>
				<Abs:EmailAddresstxt></Abs:EmailAddresstxt>
			</Abs:VendorContact>
			<Abs:Address>
				<Abs:AddressUsageTypeCd></Abs:AddressUsageTypeCd>
				<Abs:AddressLine1txt>PO BOX 15615                            </Abs:AddressLine1txt>
				<Abs:AddressLine2txt>NEW BRUNSWICK, NJ                       </Abs:AddressLine2txt>
				<Abs:CityNm></Abs:CityNm>
				<Abs:CountyNm></Abs:CountyNm>
				<Abs:PostalZoneCd>08901     </Abs:PostalZoneCd>
				<Abs:StateCd>NJ</Abs:StateCd>
				<Abs:CountryCd>USA</Abs:CountryCd>
				<Abs:LatitudeDegree></Abs:LatitudeDegree>
				<Abs:LongitudeDegree></Abs:LongitudeDegree>
				<Abs:TimeZoneCd></Abs:TimeZoneCd>
				<Abs:PhoneNbr></Abs:PhoneNbr>
				<Abs:FaxNbr></Abs:FaxNbr>
			</Abs:Address>
		</Abs:Vendor>
		<Abs:ShelfUnitDimensions>
			<Abs:ShelfUnitSizeDsc>1.4 OZ    </Abs:ShelfUnitSizeDsc>
			<Abs:SizeQty>1.4</Abs:SizeQty>
			<Abs:SizeUOMCd>OZ</Abs:SizeUOMCd>
			<Abs:AlternateSizeInd></Abs:AlternateSizeInd>
			<Abs:AlternateSizeDsc></Abs:AlternateSizeDsc>
			<Abs:ItemHeight>0</Abs:ItemHeight>
			<Abs:ItemDepth>0</Abs:ItemDepth>
			<Abs:ItemWidth>0</Abs:ItemWidth>
			<Abs:ItemPackUOMCd>I</Abs:ItemPackUOMCd>
			<Abs:ItemWt></Abs:ItemWt>
			<Abs:ItemWtUOM>LB</Abs:ItemWtUOM>
			<Abs:InnerPackQty>1</Abs:InnerPackQty>
			<Abs:ShelfPackageCd>003</Abs:ShelfPackageCd>
		</Abs:ShelfUnitDimensions>
		<Abs:ShipUnitDimensions>
			<Abs:ShipUnitPackTypeCd></Abs:ShipUnitPackTypeCd>
			<Abs:ShipUnitPackQty>3</Abs:ShipUnitPackQty>
			<Abs:ShipUnitWt>.625</Abs:ShipUnitWt>
			<Abs:ShipUnitWtUOMCd>LB</Abs:ShipUnitWtUOMCd>
		</Abs:ShipUnitDimensions>
		<Abs:StorageUnitDimensions>
			<Abs:WarehouseUnitWidth>6.5</Abs:WarehouseUnitWidth>
			<Abs:WarehouseUnitLength>6.9</Abs:WarehouseUnitLength>
			<Abs:WarehouseUnitHeight>8</Abs:WarehouseUnitHeight>
			<Abs:WarehouseCube>.21</Abs:WarehouseCube>
			<Abs:WarehouseMeasureUOMCd></Abs:WarehouseMeasureUOMCd>
			<Abs:WarehouseUnitWt>.625</Abs:WarehouseUnitWt>
			<Abs:WarehouseUnitWtUOMCd>LB</Abs:WarehouseUnitWtUOMCd>
			<Abs:PalletLayer>41</Abs:PalletLayer>
			<Abs:PalletHeight>5</Abs:PalletHeight>
			<Abs:PalletStackLimitNbr>0</Abs:PalletStackLimitNbr>
		</Abs:StorageUnitDimensions>
		<Abs:Brand>
			<Abs:BrandCd>0</Abs:BrandCd>
		</Abs:Brand>
		<Abs:Usage>
			<Abs:ItemUsageInd>R</Abs:ItemUsageInd>
			<Abs:ItemUsageTypeCd>R</Abs:ItemUsageTypeCd>
		</Abs:Usage>
		<Abs:Billing>
			<Abs:BillingTypeInd></Abs:BillingTypeInd>
			<Abs:MultiDeptBillingInd></Abs:MultiDeptBillingInd>
		</Abs:Billing>
		<Abs:TCACd></Abs:TCACd>
		<Abs:LitreEquiFactor>0</Abs:LitreEquiFactor>
		<Abs:DisplayItemInd></Abs:DisplayItemInd>
		<Abs:AssortedPackInd></Abs:AssortedPackInd>
		<Abs:NutriEnvirQualitiyInd></Abs:NutriEnvirQualitiyInd>
		<Abs:ManufacturerTypeInd>N</Abs:ManufacturerTypeInd>
		<Abs:TariffItemCd></Abs:TariffItemCd>
		<Abs:TariffTreatmentCd></Abs:TariffTreatmentCd>
		<Abs:RestrictedDrugItemInd></Abs:RestrictedDrugItemInd>
		<Abs:HealthMarkInd></Abs:HealthMarkInd>
		<Abs:JurisdictionInd>Y</Abs:JurisdictionInd>
		<Abs:BottleDepositInd></Abs:BottleDepositInd>
		<Abs:BottleDepositCd>0</Abs:BottleDepositCd>
		<Abs:BestBallInd></Abs:BestBallInd>
		<Abs:IncompatibilityCd></Abs:IncompatibilityCd>
		<Abs:ScalePretextInd></Abs:ScalePretextInd>
		<Abs:COOL>
			<Abs:CountryOfOriginItemInd>N</Abs:CountryOfOriginItemInd>
			<Abs:CountryOfOriginLabelingClassCd>0</Abs:CountryOfOriginLabelingClassCd>
		</Abs:COOL>
		<Abs:BiologicalTerrorActInd>N</Abs:BiologicalTerrorActInd>
		<Abs:HACCPCd></Abs:HACCPCd>
		<Abs:EthnicItemTypeCd></Abs:EthnicItemTypeCd>
		<Abs:SeasonalItemTypeCd></Abs:SeasonalItemTypeCd>
		<Abs:SeasonalItemTypeNm></Abs:SeasonalItemTypeNm>
		<Abs:SpecialPackagingTypeCd></Abs:SpecialPackagingTypeCd>
		<Abs:OrganicItemInd></Abs:OrganicItemInd>
		<Abs:OneTimeBuyInd></Abs:OneTimeBuyInd>
		<Abs:BranchItemCd>19672</Abs:BranchItemCd>
		<Abs:ChargeCustomerInd>Y</Abs:ChargeCustomerInd>
		<Abs:AlternateCIC>0</Abs:AlternateCIC>
		<Abs:SubstituteCIC>0</Abs:SubstituteCIC>
		<Abs:DealInd>3</Abs:DealInd>
		<Abs:RestrictedItemInd></Abs:RestrictedItemInd>
		<Abs:FullCasePack>0</Abs:FullCasePack>
		<Abs:ProductionWeight>0</Abs:ProductionWeight>
		<Abs:SelectedItemCd>S</Abs:SelectedItemCd>
		<Abs:RandomWeightCd></Abs:RandomWeightCd>
		<Abs:ShelfLifeDys>0</Abs:ShelfLifeDys>
		<Abs:PullDateInd></Abs:PullDateInd>
		<Abs:OnOrderingInd></Abs:OnOrderingInd>
		<Abs:OrderModelCd></Abs:OrderModelCd>
		<Abs:ForcedQty>0</Abs:ForcedQty>
		<Abs:BackOrderedQty>0</Abs:BackOrderedQty>
		<Abs:ItemLeadTime>0</Abs:ItemLeadTime>
		<Abs:OrderPackQty>1</Abs:OrderPackQty>
		<Abs:BuyerCaseCube>.211</Abs:BuyerCaseCube>
		<Abs:SeasonalWeekNbr></Abs:SeasonalWeekNbr>
		<Abs:ItemClassCd></Abs:ItemClassCd>
		<Abs:SupplySourceType></Abs:SupplySourceType>
		<Abs:CMRNbr></Abs:CMRNbr>
		<Abs:ItemHandlingCd>52</Abs:ItemHandlingCd>
		<Abs:StateRestrictions></Abs:StateRestrictions>
		<Abs:DSDReceivingInd></Abs:DSDReceivingInd>
		<Abs:SpecialMessageCd></Abs:SpecialMessageCd>
		<Abs:ButterfatPercent>0</Abs:ButterfatPercent>
		<Abs:StackabilityCd></Abs:StackabilityCd>
		<Abs:SafetyStockQty>0</Abs:SafetyStockQty>
		<Abs:InitialOrderQty>0</Abs:InitialOrderQty>
		<Abs:OverseasReferenceNbr>0</Abs:OverseasReferenceNbr>
		<Abs:PromotionalOrderDt>2018-12-08 00:00:00</Abs:PromotionalOrderDt>
		<Abs:InvestmentOrderDt>2018-12-08 00:00:00</Abs:InvestmentOrderDt>
		<Abs:WarehouseInterfaceInd></Abs:WarehouseInterfaceInd>
		<Abs:WarehouseLotCd></Abs:WarehouseLotCd>
		<Abs:RebillPartyInd></Abs:RebillPartyInd>
		<Abs:InternetItemInd></Abs:InternetItemInd>
		<Abs:BuyingProcessCd></Abs:BuyingProcessCd>
		<Abs:PurchaserId></Abs:PurchaserId>
		<Abs:ItemSetNbr>0</Abs:ItemSetNbr>
		<Abs:TransferLevelCd>1</Abs:TransferLevelCd>
		<Abs:TransferLevelMethodId>1</Abs:TransferLevelMethodId>
		<Abs:PickToLightCaseUnitQty>0</Abs:PickToLightCaseUnitQty>
		<Abs:PickToLightFullPalletInd></Abs:PickToLightFullPalletInd>
		<Abs:ScanItemInd></Abs:ScanItemInd>
		<Abs:WarehouseAltId>09</Abs:WarehouseAltId>
		<Abs:DistributionCenterAltId>25</Abs:DistributionCenterAltId>
		<Abs:OrgMasterNameType>
			<Abs:OrgEntityType>Corporation</Abs:OrgEntityType>
			<Abs:OrgEntityValue>001</Abs:OrgEntityValue>
			<Abs:OrgEntityNm>ALBERTSONS COMPANIES, LLC               </Abs:OrgEntityNm>
		</Abs:OrgMasterNameType>
		<Abs:OrgMasterNameType>
			<Abs:OrgEntityType>Division</Abs:OrgEntityType>
			<Abs:OrgEntityValue>25</Abs:OrgEntityValue>
			<Abs:OrgEntityNm>NOR. CALIFORNIA</Abs:OrgEntityNm>
		</Abs:OrgMasterNameType>
		<Abs:OrgMasterNameType>
			<Abs:OrgEntityType>Warehouse</Abs:OrgEntityType>
			<Abs:OrgEntityValue>2539</Abs:OrgEntityValue>
			<Abs:OrgEntityNm>GMHBC     </Abs:OrgEntityNm>
		</Abs:OrgMasterNameType>
		<Abs:OrgMasterNameType>
			<Abs:OrgEntityType>Department</Abs:OrgEntityType>
			<Abs:OrgEntityValue>211</Abs:OrgEntityValue>
			<Abs:OrgEntityNm>GM/HBC WAREHOUSE    </Abs:OrgEntityNm>
		</Abs:OrgMasterNameType>
		<Abs:OrgMasterNameType>
			<Abs:OrgEntityType>Department Abrv</Abs:OrgEntityType>
			<Abs:OrgEntityValue>211</Abs:OrgEntityValue>
			<Abs:OrgEntityNm>GM/HBC</Abs:OrgEntityNm>
		</Abs:OrgMasterNameType>
		<Abs:DefaultWarehouseItemInd>C</Abs:DefaultWarehouseItemInd>
	</SupplyChainItemData>
</GetItemMasterSupplyChain>