<?xml version="1.0" encoding="UTF-8"?>
<GetItemMasterSupplyChain xmlns:Abs="http://collab.safeway.com/it/architecture/info/default.aspx">
       <DocumentData>
             <Document ReleaseId="" VersionId="" SystemEnvironmentCd="IIBPRD70">
                    <Abs:DocumentID/>
                    <Abs:AlternateDocumentID/>
                    <Abs:InboundOutboundInd>Outbound from Albertson</Abs:InboundOutboundInd>
                    <Abs:DocumentNm>ItemMasterSupplyChain</Abs:DocumentNm>
                    <Abs:CreationDt>2019-05-09T00:05:43.036-06:00</Abs:CreationDt>
                    <Abs:Description Type=""/>
                    <Abs:SourceApplicationCd>Mainframe(SSIMS)</Abs:SourceApplicationCd>
                    <Abs:TargetApplicationCd>EDIS</Abs:TargetApplicationCd>
                    <Abs:Note Type=""/>
                    <Abs:GatewayNm>GoldenGate CDC</Abs:GatewayNm>
                    <Abs:SenderId QualifierCd=""/>
                    <Abs:ReceiverId QualifierCd=""/>
                    <Abs:RoutingSystemNm/>
                    <Abs:InternalFileTransferInd/>
                    <Abs:InterchangeDate/>
                    <Abs:InterchangeTime/>
                    <Abs:ExternalTargetInd/>
             </Document>
             <DocumentAction>
                    <Abs:ActionTypeCd>Update</Abs:ActionTypeCd>
                    <Abs:RecordTypeCd>Change</Abs:RecordTypeCd>
             </DocumentAction>
       </DocumentData>
       <SupplyChainItemData>
             <Abs:CorporationId>001</Abs:CorporationId>
             <Abs:DivisionId>05</Abs:DivisionId>
             <Abs:DistributionCenterId>WDEN</Abs:DistributionCenterId>
             <Abs:WarehouseId>0501</Abs:WarehouseId>
             <Abs:CorporateItemCd>4100152</Abs:CorporateItemCd>
             <Abs:DepartmentId>201</Abs:DepartmentId>
             <Abs:ItemId>
                    <Abs:UPC>
                           <Abs:UPCNbr>003760010674</Abs:UPCNbr>
                           <Abs:UPCTxt/>
                    </Abs:UPC>
                    <Abs:UPCComponents>
                           <Abs:PackInd>1</Abs:PackInd>
                           <Abs:ManufacturerId>37600</Abs:ManufacturerId>
                           <Abs:SalesId>10674</Abs:SalesId>
                           <Abs:CountryId>0</Abs:CountryId>
                           <Abs:SystemId>0</Abs:SystemId>
                           <Abs:CheckDigit>0</Abs:CheckDigit>
                    </Abs:UPCComponents>
                    <Abs:GTINID>037600106740</Abs:GTINID>
                    <Abs:VendorProductID>0037600105337</Abs:VendorProductID>
                    <Abs:ManufProductId>037600106740</Abs:ManufProductId>
                    <Abs:SystemSpecificItemId>00001         </Abs:SystemSpecificItemId>
                    <Abs:RFID/>
                    <Abs:InternalItemId>00001         </Abs:InternalItemId>
                    <Abs:BranchItemCd>22556</Abs:BranchItemCd>
                    <Abs:ItemDescription>SKIPPY NTRL CRMY PNT BTR SPREAD         </Abs:ItemDescription>
             </Abs:ItemId>
             <Abs:ProductHierarchy>
                    <Abs:ProductGroup>
                           <Abs:ProductGroupCd>4</Abs:ProductGroupCd>
                           <Abs:ProductGroupNm>JAMS, JELLIES &amp; SPREADS                       </Abs:ProductGroupNm>
                    </Abs:ProductGroup>
                    <Abs:ProductCategoryCd>
                           <Abs:ProductCategoryCd>10</Abs:ProductCategoryCd>
                           <Abs:ProductCategoryNm>PEANUT BUTTER &amp; SPREADS                       </Abs:ProductCategoryNm>
                    </Abs:ProductCategoryCd>
                    <Abs:ProductClassCd>
                           <Abs:ProductClassCd>10</Abs:ProductClassCd>
                           <Abs:ProductClassNm>NATURAL PEANUT BUTTER                         </Abs:ProductClassNm>
                           <Abs:RetailSectionCd>302</Abs:RetailSectionCd>
                    </Abs:ProductClassCd>
                    <Abs:ProductSubClassLevel1>
                           <Abs:ProductSubClassLevel1Cd>1</Abs:ProductSubClassLevel1Cd>
                           <Abs:ProductSubClassLevel1Nm>CREAMY NATURAL PEANUT BUTTER                  </Abs:ProductSubClassLevel1Nm>
                    </Abs:ProductSubClassLevel1>
                    <Abs:ProductSubClassLevel2>
                           <Abs:ProductSubClassLevel2Cd>0</Abs:ProductSubClassLevel2Cd>
                           <Abs:ProductSubClassLevel2Nm>CREAMY NATURAL PEANUT BUTTER                  </Abs:ProductSubClassLevel2Nm>
                    </Abs:ProductSubClassLevel2>
             </Abs:ProductHierarchy>
             <Abs:SMIC>
                    <Abs:SMICGroupCd>4</Abs:SMICGroupCd>
                    <Abs:SMICCategoryCd>10</Abs:SMICCategoryCd>
                    <Abs:SMICClassCd>10</Abs:SMICClassCd>
                    <Abs:SMICSubClassCd>1</Abs:SMICSubClassCd>
                    <Abs:SMICSub_SubClassCd>0</Abs:SMICSub_SubClassCd>
             </Abs:SMIC>
             <Abs:ProductionGroupHierarchy>
                    <Abs:ProductGroup>
                           <Abs:ProductGroupCd>0</Abs:ProductGroupCd>
                    </Abs:ProductGroup>
                    <Abs:ProductCategoryCd>
                           <Abs:ProductCategoryCd>0</Abs:ProductCategoryCd>
                    </Abs:ProductCategoryCd>
                    <Abs:ProductClassCd>
                           <Abs:ProductClassCd>0</Abs:ProductClassCd>
                           <Abs:RetailSectionCd>302</Abs:RetailSectionCd>
                    </Abs:ProductClassCd>
                    <Abs:ProductSubClassLevel1>
                           <Abs:ProductSubClassLevel1Cd>0</Abs:ProductSubClassLevel1Cd>
                    </Abs:ProductSubClassLevel1>
                    <Abs:ProductSubClassLevel2>
                           <Abs:ProductSubClassLevel2Cd>0</Abs:ProductSubClassLevel2Cd>
                    </Abs:ProductSubClassLevel2>
             </Abs:ProductionGroupHierarchy>
             <Abs:CorpItemReference>
                    <Abs:UPCID>004800127402</Abs:UPCID>
                    <Abs:UPCComponents>
                           <Abs:PackInd>1</Abs:PackInd>
                           <Abs:ManufacturerId>48001</Abs:ManufacturerId>
                           <Abs:SalesId>27401</Abs:SalesId>
                           <Abs:CountryId>0</Abs:CountryId>
                           <Abs:SystemId>0</Abs:SystemId>
                           <Abs:CheckDigit>3</Abs:CheckDigit>
                    </Abs:UPCComponents>
                    <Abs:StatusCd>D</Abs:StatusCd>
                    <Abs:PackNutrientInd> </Abs:PackNutrientInd>
                    <Abs:NutriEnvirItemCd> </Abs:NutriEnvirItemCd>
                    <Abs:PrefCICSeqNbr>0</Abs:PrefCICSeqNbr>
                    <Abs:PrefCICLockInd> </Abs:PrefCICLockInd>
             </Abs:CorpItemReference>
             <Abs:ROGItemReference>
                    <Abs:ROGCd>SNCA</Abs:ROGCd>
                    <Abs:UPCID>004800127401</Abs:UPCID>
                    <Abs:UPCComponents>
                           <Abs:PackInd>1</Abs:PackInd>
                           <Abs:ManufacturerId>48001</Abs:ManufacturerId>
                           <Abs:SalesId>27401</Abs:SalesId>
                           <Abs:CountryId>0</Abs:CountryId>
                           <Abs:SystemId>0</Abs:SystemId>
                           <Abs:CheckDigit>3</Abs:CheckDigit>
                    </Abs:UPCComponents>
                    <Abs:StatusCd>D</Abs:StatusCd>
                    <Abs:PrimaryUPCInd> </Abs:PrimaryUPCInd>
                    <Abs:RetailSectionCd>302</Abs:RetailSectionCd>
                    <Abs:RetailSectionNm>MEALS INGREDIENTS   </Abs:RetailSectionNm>
                    <Abs:PackNutrientInd> </Abs:PackNutrientInd>
                    <Abs:NutriEnvirItemCd> </Abs:NutriEnvirItemCd>
                    <Abs:HazardousItemInd/>
                    <Abs:HazardousClassCd/>
					<Abs:HazardousClassDsc>ROG1 HazardousClassDsc</Abs:HazardousClassDsc>
                    <Abs:RetailStatusInd>V</Abs:RetailStatusInd>
                    <Abs:OptionalOrderInd> </Abs:OptionalOrderInd>
                    <Abs:OrderGuide>
                           <Abs:NewItemInd> </Abs:NewItemInd>
                           <Abs:SuppressedInd> </Abs:SuppressedInd>
                           <Abs:DisplayGroupSuppressedInd> </Abs:DisplayGroupSuppressedInd>
                    </Abs:OrderGuide>
                    <Abs:ItemTypeCd>0</Abs:ItemTypeCd>
                    <Abs:ProductSourceInd>W</Abs:ProductSourceInd>
                    <Abs:ItemOnDSDInd> </Abs:ItemOnDSDInd>
                    <Abs:ProductTypeCd>A </Abs:ProductTypeCd>
                    <Abs:OffInvoiceInCostInd> </Abs:OffInvoiceInCostInd>
             </Abs:ROGItemReference>
             <Abs:ROGItemReference>
                    <Abs:ROGCd>SNCA</Abs:ROGCd>
                    <Abs:UPCID>003760010674</Abs:UPCID>
                    <Abs:UPCComponents>
                           <Abs:PackInd>1</Abs:PackInd>
                           <Abs:ManufacturerId>37600</Abs:ManufacturerId>
                           <Abs:SalesId>10674</Abs:SalesId>
                           <Abs:CountryId>0</Abs:CountryId>
                           <Abs:SystemId>0</Abs:SystemId>
                           <Abs:CheckDigit>0</Abs:CheckDigit>
                    </Abs:UPCComponents>
                    <Abs:StatusCd>V</Abs:StatusCd>
                    <Abs:PrimaryUPCInd>Y</Abs:PrimaryUPCInd>
                    <Abs:RetailSectionCd>302</Abs:RetailSectionCd>
                    <Abs:RetailSectionNm>MEALS INGREDIENTS   </Abs:RetailSectionNm>
                    <Abs:HazardousItemInd/>
                    <Abs:HazardousClassCd/>
					<Abs:HazardousClassDsc>ROG1 HazardousClassDsc</Abs:HazardousClassDsc>
                    <Abs:RetailStatusInd>V</Abs:RetailStatusInd>
                    <Abs:OptionalOrderInd> </Abs:OptionalOrderInd>
                    <Abs:OrderGuide>
                           <Abs:NewItemInd> </Abs:NewItemInd>
                           <Abs:SuppressedInd> </Abs:SuppressedInd>
                           <Abs:DisplayGroupSuppressedInd> </Abs:DisplayGroupSuppressedInd>
                    </Abs:OrderGuide>
                    <Abs:ItemTypeCd>0</Abs:ItemTypeCd>
                    <Abs:ProductSourceInd>W</Abs:ProductSourceInd>
                    <Abs:ItemOnDSDInd> </Abs:ItemOnDSDInd>
                    <Abs:ProductTypeCd>A </Abs:ProductTypeCd>
                    <Abs:OffInvoiceInCostInd> </Abs:OffInvoiceInCostInd>
             </Abs:ROGItemReference>
             <Abs:CommonGroup>
                    <Abs:CommonCd>0</Abs:CommonCd>
                    <Abs:CommonCostSubCd>0</Abs:CommonCostSubCd>
                    <Abs:LikeItemCompareCd>  </Abs:LikeItemCompareCd>
                    <Abs:CommonRetailCd>0</Abs:CommonRetailCd>
                    <Abs:CommonPromotionCd/>
                    <Abs:ComparisonItemTypeCd>0</Abs:ComparisonItemTypeCd>
             </Abs:CommonGroup>
             <Abs:ItemStatus>
                    <Abs:CorpItemStatus>
                           <Abs:StatusCd>V</Abs:StatusCd>
                           <Abs:StatusEffDt>2018-04-11 00:00:00</Abs:StatusEffDt>
                           <Abs:CreateDt>2011-11-24 00:00:00</Abs:CreateDt>
                    </Abs:CorpItemStatus>
                    <Abs:WarehouseItemStatus>
                           <Abs:StatusCd>V</Abs:StatusCd>
                           <Abs:StatusEffDt>2019-05-07 00:00:00</Abs:StatusEffDt>
                           <Abs:CreateDt>2015-02-02 00:00:00</Abs:CreateDt>
                    </Abs:WarehouseItemStatus>
             </Abs:ItemStatus>
             <Abs:ItemDsc>
                    <Abs:WarehouseItemDsc>SKIPPY NTRL CRMY PNT BTR SPREAD         </Abs:WarehouseItemDsc>
                    <Abs:InternetItemDsc>SKIPPY NATURAL CREAMY PEANUT BUTTER SPREAD                                 </Abs:InternetItemDsc>
                    <Abs:RetailItemDsc>SKIPPY NATURAL CREAMY PEANUT BUTTER SPREAD                      </Abs:RetailItemDsc>
                    <Abs:VendorItemDsc/>
             </Abs:ItemDsc>
             <Abs:Buyer>
                    <Abs:BuyerId>Q4</Abs:BuyerId>
                    <Abs:BuyerNm>CHRISTINE HILL      </Abs:BuyerNm>
                    <Abs:FacilityId>    </Abs:FacilityId>
                    <Abs:BuyerPhoneNbr>3033208902</Abs:BuyerPhoneNbr>
                    <Abs:BuyerEmailId>CHRISTINE.HILL@SAFEWAY.COM                                                                          </Abs:BuyerEmailId>
                    <Abs:BuyerComment>          </Abs:BuyerComment>
             </Abs:Buyer>
             <Abs:Vendor>
                    <Abs:VendorId>000665</Abs:VendorId>
                    <Abs:VendorSubAccountNbr>003</Abs:VendorSubAccountNbr>
                    <Abs:WarehouseVendorId>0510</Abs:WarehouseVendorId>
                    <Abs:PACSVendorNbr>000665-003-0510</Abs:PACSVendorNbr>
                    <Abs:VendorConversionFactor>1</Abs:VendorConversionFactor>
                    <Abs:VendorUPC>0037600105331</Abs:VendorUPC>
                    <Abs:VendorProductNbr>10451       </Abs:VendorProductNbr>
                    <Abs:VendorItemDimensions>
                           <Abs:VendorPackCd>CA</Abs:VendorPackCd>
                           <Abs:VendorPackCube>.45</Abs:VendorPackCube>
                           <Abs:PalletLayer>15</Abs:PalletLayer>
                           <Abs:PalletHeight>6</Abs:PalletHeight>
                           <Abs:ItemUnitNbr>40 OZ  </Abs:ItemUnitNbr>
                           <Abs:ItemSizeNbr>21.96</Abs:ItemSizeNbr>
                           <Abs:UOMCd>LB</Abs:UOMCd>
                    </Abs:VendorItemDimensions>
                    <Abs:VendorCostAreaCd>0</Abs:VendorCostAreaCd>
                    <Abs:VendorServiceLevel>96.6</Abs:VendorServiceLevel>
                    <Abs:VendorNm>HORMEL FOODS CORP                       </Abs:VendorNm>
                    <Abs:VendorDUNSNbr>0061473830000</Abs:VendorDUNSNbr>
                    <Abs:LeadVendorInd/>
                    <Abs:VendorContact>
                           <Abs:ContactNm>HORMEL FOODS CORP                       </Abs:ContactNm>
                           <Abs:PhoneNbr>8005532000</Abs:PhoneNbr>
                           <Abs:EmailAddresstxt/>
                    </Abs:VendorContact>
                    <Abs:Address>
                           <Abs:AddressUsageTypeCd/>
                           <Abs:AddressLine1txt>6041 S SYRACUSE WY STE 201              </Abs:AddressLine1txt>
                           <Abs:AddressLine2txt>DENVER, CO                              </Abs:AddressLine2txt>
                           <Abs:CityNm/>
                           <Abs:CountyNm/>
                           <Abs:PostalZoneCd>80111     </Abs:PostalZoneCd>
                           <Abs:StateCd>CO</Abs:StateCd>
                           <Abs:CountryCd>USA</Abs:CountryCd>
                           <Abs:LatitudeDegree/>
                           <Abs:LongitudeDegree/>
                           <Abs:TimeZoneCd/>
                           <Abs:PhoneNbr>          </Abs:PhoneNbr>
                           <Abs:FaxNbr>9257349888</Abs:FaxNbr>
                    </Abs:Address>
             </Abs:Vendor>
             <Abs:ShelfUnitDimensions>
                    <Abs:ShelfUnitSizeDsc>40 OZ     </Abs:ShelfUnitSizeDsc>
                    <Abs:SizeQty>40</Abs:SizeQty>
                    <Abs:SizeUOMCd>OZ</Abs:SizeUOMCd>
                    <Abs:AlternateSizeInd> </Abs:AlternateSizeInd>
                    <Abs:AlternateSizeDsc>          </Abs:AlternateSizeDsc>
                    <Abs:ItemHeight>0</Abs:ItemHeight>
                    <Abs:ItemDepth>0</Abs:ItemDepth>
                    <Abs:ItemWidth>0</Abs:ItemWidth>
                    <Abs:ItemPackUOMCd>I</Abs:ItemPackUOMCd>
                    <Abs:ItemWt/>
                    <Abs:ItemWtUOM>LB</Abs:ItemWtUOM>
                    <Abs:InnerPackQty>1</Abs:InnerPackQty>
                    <Abs:ShelfPackageCd>008</Abs:ShelfPackageCd>
             </Abs:ShelfUnitDimensions>
             <Abs:ShipUnitDimensions>
                    <Abs:ShipUnitPackTypeCd>   </Abs:ShipUnitPackTypeCd>
                    <Abs:ShipUnitPackQty>8</Abs:ShipUnitPackQty>
                    <Abs:ShipUnitWt>21.41</Abs:ShipUnitWt>
                    <Abs:ShipUnitWtUOMCd>LB</Abs:ShipUnitWtUOMCd>
             </Abs:ShipUnitDimensions>
             <Abs:StorageUnitDimensions>
                    <Abs:WarehouseUnitWidth>8</Abs:WarehouseUnitWidth>
                    <Abs:WarehouseUnitLength>15</Abs:WarehouseUnitLength>
                    <Abs:WarehouseUnitHeight>6.5</Abs:WarehouseUnitHeight>
                    <Abs:WarehouseCube>.45</Abs:WarehouseCube>
                    <Abs:WarehouseMeasureUOMCd> </Abs:WarehouseMeasureUOMCd>
                    <Abs:WarehouseUnitWt>21.96</Abs:WarehouseUnitWt>
                    <Abs:WarehouseUnitWtUOMCd>LB</Abs:WarehouseUnitWtUOMCd>
                    <Abs:PalletLayer>15</Abs:PalletLayer>
                    <Abs:PalletHeight>6</Abs:PalletHeight>
                    <Abs:PalletStackLimitNbr>0</Abs:PalletStackLimitNbr>
             </Abs:StorageUnitDimensions>
             <Abs:Brand>
                    <Abs:BrandCd>0</Abs:BrandCd>
             </Abs:Brand>
             <Abs:Usage>
                    <Abs:ItemUsageInd>R</Abs:ItemUsageInd>
                    <Abs:ItemUsageTypeCd>R</Abs:ItemUsageTypeCd>
             </Abs:Usage>
             <Abs:Billing>
                    <Abs:BillingTypeInd> </Abs:BillingTypeInd>
                    <Abs:MultiDeptBillingInd> </Abs:MultiDeptBillingInd>
             </Abs:Billing>
             <Abs:TCACd> </Abs:TCACd>
             <Abs:LitreEquiFactor>0</Abs:LitreEquiFactor>
             <Abs:DisplayItemInd>N</Abs:DisplayItemInd>
             <Abs:AssortedPackInd>Y</Abs:AssortedPackInd>
             <Abs:NutriEnvirQualitiyInd> </Abs:NutriEnvirQualitiyInd>
             <Abs:ManufacturerTypeInd>N</Abs:ManufacturerTypeInd>
             <Abs:TariffItemCd>          </Abs:TariffItemCd>
             <Abs:TariffTreatmentCd>  </Abs:TariffTreatmentCd>
             <Abs:RestrictedDrugItemInd>            </Abs:RestrictedDrugItemInd>
             <Abs:HealthMarkInd> </Abs:HealthMarkInd>
             <Abs:JurisdictionInd>Y</Abs:JurisdictionInd>
             <Abs:BottleDepositInd> </Abs:BottleDepositInd>
             <Abs:BottleDepositCd>0</Abs:BottleDepositCd>
             <Abs:BestBallInd> </Abs:BestBallInd>
             <Abs:IncompatibilityCd>  </Abs:IncompatibilityCd>
             <Abs:ScalePretextInd> </Abs:ScalePretextInd>
             <Abs:COOL>
                    <Abs:CountryOfOriginItemInd>N</Abs:CountryOfOriginItemInd>
                <Abs:CountryOfOriginLabelingClassCd>0</Abs:CountryOfOriginLabelingClassCd>
             </Abs:COOL>
             <Abs:BiologicalTerrorActInd>Y</Abs:BiologicalTerrorActInd>
             <Abs:HACCPCd>  </Abs:HACCPCd>
             <Abs:EthnicItemTypeCd>GF</Abs:EthnicItemTypeCd>
             <Abs:SeasonalItemTypeCd>456</Abs:SeasonalItemTypeCd>
             <Abs:SeasonalItemTypeNm>12456</Abs:SeasonalItemTypeNm>
             <Abs:SpecialPackagingTypeCd>  </Abs:SpecialPackagingTypeCd>
             <Abs:OrganicItemInd> </Abs:OrganicItemInd>
             <Abs:OneTimeBuyInd> </Abs:OneTimeBuyInd>
             <Abs:BranchItemCd>22556</Abs:BranchItemCd>
             <Abs:ChargeCustomerInd>Y</Abs:ChargeCustomerInd>
             <Abs:AlternateCIC>0</Abs:AlternateCIC>
             <Abs:SubstituteCIC>0</Abs:SubstituteCIC>
             <Abs:DealInd>2</Abs:DealInd>
             <Abs:RestrictedItemInd> </Abs:RestrictedItemInd>
             <Abs:FullCasePack>0</Abs:FullCasePack>
             <Abs:ProductionWeight>0</Abs:ProductionWeight>
             <Abs:SelectedItemCd>S</Abs:SelectedItemCd>
             <Abs:RandomWeightCd> </Abs:RandomWeightCd>
             <Abs:ShelfLifeDys>10</Abs:ShelfLifeDys>
             <Abs:PullDateInd>Y</Abs:PullDateInd>
             <Abs:OnOrderingInd> </Abs:OnOrderingInd>
             <Abs:OrderModelCd>J</Abs:OrderModelCd>
             <Abs:ForcedQty>0</Abs:ForcedQty>
             <Abs:BackOrderedQty>0</Abs:BackOrderedQty>
             <Abs:ItemLeadTime>0</Abs:ItemLeadTime>
             <Abs:OrderPackQty>105</Abs:OrderPackQty>
             <Abs:BuyerCaseCube>.486</Abs:BuyerCaseCube>
             <Abs:SeasonalWeekNbr>                    </Abs:SeasonalWeekNbr>
             <Abs:ItemClassCd> </Abs:ItemClassCd>
             <Abs:SupplySourceType> </Abs:SupplySourceType>
             <Abs:CMRNbr>  </Abs:CMRNbr>
             <Abs:ItemHandlingCd>9</Abs:ItemHandlingCd>
             <Abs:StateRestrictions>                    </Abs:StateRestrictions>
             <Abs:DSDReceivingInd> </Abs:DSDReceivingInd>
             <Abs:SpecialMessageCd>   </Abs:SpecialMessageCd>
             <Abs:ButterfatPercent>0</Abs:ButterfatPercent>
             <Abs:StackabilityCd>  </Abs:StackabilityCd>
             <Abs:SafetyStockQty>6</Abs:SafetyStockQty>
             <Abs:InitialOrderQty>68</Abs:InitialOrderQty>
             <Abs:OverseasReferenceNbr>0</Abs:OverseasReferenceNbr>
             <Abs:PromotionalOrderDt>0001-01-01 00:00:00</Abs:PromotionalOrderDt>
             <Abs:InvestmentOrderDt>0001-01-01 00:00:00</Abs:InvestmentOrderDt>
             <Abs:WarehouseInterfaceInd> </Abs:WarehouseInterfaceInd>
             <Abs:WarehouseLotCd> </Abs:WarehouseLotCd>
             <Abs:RebillPartyInd> </Abs:RebillPartyInd>
             <Abs:InternetItemInd> </Abs:InternetItemInd>
             <Abs:BuyingProcessCd> </Abs:BuyingProcessCd>
             <Abs:PurchaserId>  </Abs:PurchaserId>
             <Abs:ItemSetNbr>0</Abs:ItemSetNbr>
             <Abs:TransferLevelCd>1</Abs:TransferLevelCd>
             <Abs:TransferLevelMethodId>1</Abs:TransferLevelMethodId>
             <Abs:PickToLightCaseUnitQty>0</Abs:PickToLightCaseUnitQty>
             <Abs:PickToLightFullPalletInd> </Abs:PickToLightFullPalletInd>
             <Abs:ScanItemInd> </Abs:ScanItemInd>
             <Abs:WarehouseAltId>01</Abs:WarehouseAltId>
             <Abs:DistributionCenterAltId>05</Abs:DistributionCenterAltId>
             <Abs:OrgMasterNameType>
                    <Abs:OrgEntityType>Corporation</Abs:OrgEntityType>
                    <Abs:OrgEntityValue>001</Abs:OrgEntityValue>
                    <Abs:OrgEntityNm>ALBERTSONS COMPANIES, LLC               </Abs:OrgEntityNm>
             </Abs:OrgMasterNameType>
             <Abs:OrgMasterNameType>
                    <Abs:OrgEntityType>Division</Abs:OrgEntityType>
                    <Abs:OrgEntityValue>05</Abs:OrgEntityValue>
                    <Abs:OrgEntityNm>DENVER         </Abs:OrgEntityNm>
             </Abs:OrgMasterNameType>
             <Abs:OrgMasterNameType>
                    <Abs:OrgEntityType>Warehouse</Abs:OrgEntityType>
                    <Abs:OrgEntityValue>0501</Abs:OrgEntityValue>
                    <Abs:OrgEntityNm>Grocery   </Abs:OrgEntityNm>
             </Abs:OrgMasterNameType>
             <Abs:OrgMasterNameType>
                    <Abs:OrgEntityType>Department</Abs:OrgEntityType>
                    <Abs:OrgEntityValue>201</Abs:OrgEntityValue>
                    <Abs:OrgEntityNm>GROCERY WAREHOUSE   </Abs:OrgEntityNm>
             </Abs:OrgMasterNameType>
             <Abs:OrgMasterNameType>
                    <Abs:OrgEntityType>Department Abrv</Abs:OrgEntityType>
                    <Abs:OrgEntityValue>201</Abs:OrgEntityValue>
                    <Abs:OrgEntityNm>GROC  </Abs:OrgEntityNm>
             </Abs:OrgMasterNameType>
             <Abs:DefaultWarehouseItemInd>C</Abs:DefaultWarehouseItemInd>
       </SupplyChainItemData>
</GetItemMasterSupplyChain>
