AISLE,SIDE,SECTION,SKU,UPC,DESCRIPTION,TAG ID,RETAIL SECTION,LOCATION
1,101,1,58525963,008680086209,FRITO LAY FUN MIX,ECL01     ,338,1
1,102,2,58525963,008680086309,18CT FLAVOR MIX,ECLK2     ,338,1
1,103,3,58525963,008680086609,FRITO LAY PARTY,ECL01     ,338,0
1,104,4,58525963,008680086509,FRITO LAY FLAVOR,ECL01     ,338,0
1,105,5,58525963,008680087109,FRITO LAY SPICY,ECL01     ,338,0
1,106,6,97050119,008680086209,FRITO LAY BBQ,ECL01     ,338,0
1,106,6,58525963,008680087209,FRITO LAY BBQ,ECL01     ,338,0
1,106,6,58525963,008680086409,FRITO LAY BBQ,ECL01     ,338,0