<?xml version="1.0" encoding="UTF-8"?>
<GetItemMasterRetail xmlns:Abs="http://collab.safeway.com/it/architecture/info/default.aspx">
    <DocumentData>
        <Document>
            <Abs:InboundOutboundInd>Outbound from Albertson</Abs:InboundOutboundInd>
            <Abs:DocumentNm>Retail Item</Abs:DocumentNm>
            <Abs:CreationDt>2019-05-24T02:54:42.751Z</Abs:CreationDt>
            <Abs:SourceApplicationCd>SSIMS</Abs:SourceApplicationCd>
            <Abs:TargetApplicationCd>EDIS</Abs:TargetApplicationCd>
            <Abs:GatewayNm>Oracle GoldenGate CDC</Abs:GatewayNm>
            <Abs:InternalFileTransferInd>Y</Abs:InternalFileTransferInd>
            <Abs:DataClassification>
                <Abs:DataClassificationLevel>
                    <Abs:Code>3</Abs:Code>
                    <Abs:Description>Public</Abs:Description>
                </Abs:DataClassificationLevel>
                <Abs:BusinessSensitivityLevel>
                    <Abs:Code>Medium</Abs:Code>
                </Abs:BusinessSensitivityLevel>
                <Abs:PHIdataInd>N</Abs:PHIdataInd>
                <Abs:PCIdataInd>N</Abs:PCIdataInd>
                <Abs:PPIdataInd>N</Abs:PPIdataInd>
            </Abs:DataClassification>
        </Document>
        <DocumentAction>
            <Abs:ActionTypeCd>Update</Abs:ActionTypeCd>
            <Abs:RecordTypeCd>Change</Abs:RecordTypeCd>
        </DocumentAction>
    </DocumentData>
    <RetailItemData>
        <Abs:CorporationId>001</Abs:CorporationId>
        <Abs:DivisionId>20</Abs:DivisionId>
        <Abs:ROGCd>SNCA</Abs:ROGCd>
        <Abs:RetailScanCd>
            <Abs:UPCNbr>00868008009</Abs:UPCNbr>
            <Abs:UPCTxt>00868008009</Abs:UPCTxt>
        </Abs:RetailScanCd>
        <Abs:CorporateItem>
            <Abs:CorporateItemCd>58525963</Abs:CorporateItemCd>
            <Abs:PreferredSeqNbr>0</Abs:PreferredSeqNbr>
            <Abs:UPCType>
                <Abs:Code>1</Abs:Code>
                <Abs:Description>Shelf Unit</Abs:Description>
            </Abs:UPCType>
        </Abs:CorporateItem>
        <Abs:ProductHierarchy>
            <Abs:ProductGroup>
                <Abs:ProductGroupCd>1</Abs:ProductGroupCd>
                <Abs:ProductGroupNm>CANDY, GUM &amp; MINTS                            </Abs:ProductGroupNm>
            </Abs:ProductGroup>
            <Abs:ProductCategoryCd>
                <Abs:ProductCategoryCd>1</Abs:ProductCategoryCd>
                <Abs:ProductCategoryNm>INSTANT CONSUMABLE CANDY/GUM/MINTS (FRONT END)</Abs:ProductCategoryNm>
            </Abs:ProductCategoryCd>
            <Abs:ProductClassCd>
                <Abs:ProductClassCd>1</Abs:ProductClassCd>
                <Abs:ProductClassNm>MINT/HARD/ROLL INST CONSUM CANDY (FRONT END)  </Abs:ProductClassNm>
                <Abs:RetailSectionCd>318</Abs:RetailSectionCd>
                <Abs:RetailSectionNm>CANDY               </Abs:RetailSectionNm>
            </Abs:ProductClassCd>
            <Abs:ProductSubClassLevel1>
                <Abs:ProductSubClassLevel1Cd>5</Abs:ProductSubClassLevel1Cd>
                <Abs:ProductSubClassLeve11Nm>SUGAR FREE MINT/HARD/ROLL CANDY (FRONT END)   </Abs:ProductSubClassLeve11Nm>
            </Abs:ProductSubClassLevel1>
            <Abs:ProductSubClassLevel2>
                <Abs:ProductSubClassLevel2Cd>0</Abs:ProductSubClassLevel2Cd>
                <Abs:ProductSubClassLevel2Nm>SUGAR FREE MINT/HARD/ROLL CANDY (FRONT END)   </Abs:ProductSubClassLevel2Nm>
            </Abs:ProductSubClassLevel2>
        </Abs:ProductHierarchy>
        <Abs:ItemDsc>
            <Abs:POSItemDsc>HRSHY BREATHSAVER </Abs:POSItemDsc>
            <Abs:RetailItemDsc>REESES PUMKPIN PEANUT BUTTER BR 31                                         </Abs:RetailItemDsc>
            <Abs:InternetItemDsc>REESES PUMKPIN PEANUT BUTTER BR 31                              </Abs:InternetItemDsc>
            <Abs:WarehouseItemDsc>BREATHSAVERS MINTS WINTERGREEN BR 31    </Abs:WarehouseItemDsc>
            <Abs:VendorItemDsc></Abs:VendorItemDsc>
        </Abs:ItemDsc>
        <Abs:ItemId>
            <Abs:UPC>
                <Abs:UPCNbr>00868008009</Abs:UPCNbr>
                <Abs:UPCTxt>00868008009</Abs:UPCTxt>
            </Abs:UPC>
            <Abs:UPCComponents>
                <Abs:PackInd>1</Abs:PackInd>
                <Abs:ManufacturerId>34000</Abs:ManufacturerId>
                <Abs:SalesId>60113</Abs:SalesId>
                <Abs:CountryId>0</Abs:CountryId>
                <Abs:SystemId>0</Abs:SystemId>
                <Abs:CheckDigit>4</Abs:CheckDigit>
            </Abs:UPCComponents>
            <Abs:VendorProductID>004800127401</Abs:VendorProductID>
            <Abs:ManufProductId>004800127401</Abs:ManufProductId>
            <Abs:SystemSpecificItemId>938033        </Abs:SystemSpecificItemId>
            <Abs:InternalItemId>1200917</Abs:InternalItemId>
            <Abs:MCLBRNbr>76</Abs:MCLBRNbr>
            <Abs:BranchItemCd>96061</Abs:BranchItemCd>
            <Abs:ItemDescription>BREATHSAVERS MINTS WINTERGREEN BR 31    </Abs:ItemDescription>
        </Abs:ItemId>
        <Abs:PriceLookUpCd>10</Abs:PriceLookUpCd>
        <Abs:ShelfUnitDimensions>
            <Abs:ShelfUnitSizeDsc>12.50 CT  </Abs:ShelfUnitSizeDsc>
            <Abs:SizeQty>12.5</Abs:SizeQty>
            <Abs:SizeUOMCd>CT</Abs:SizeUOMCd>
            <Abs:AlternateSizeInd></Abs:AlternateSizeInd>
            <Abs:ItemPackUOMCd>I</Abs:ItemPackUOMCd>
            <Abs:ItemWt>1.33</Abs:ItemWt>
            <Abs:ItemWtUOM>LB</Abs:ItemWtUOM>
            <Abs:InnerPackQty>1</Abs:InnerPackQty>
            <Abs:ShelfPackageCd>25</Abs:ShelfPackageCd>
        </Abs:ShelfUnitDimensions>
        <Abs:RetailShelfUnitDimension>
            <Abs:RetailUnitPackNbr>24</Abs:RetailUnitPackNbr>
            <Abs:ShelfUnitSizeDsc>.75 OZ </Abs:ShelfUnitSizeDsc>
            <Abs:ShelfUnitPackDsc>024</Abs:ShelfUnitPackDsc>
        </Abs:RetailShelfUnitDimension>
        <Abs:ScaleUnitDimension>
            <Abs:Netweight>0</Abs:Netweight>
            <Abs:NetWeightUOM></Abs:NetWeightUOM>
            <Abs:ScalePackageType></Abs:ScalePackageType>
            <Abs:Packagesize></Abs:Packagesize>
            <Abs:Packagecolor></Abs:Packagecolor>
            <Abs:PackagesoakpadInd></Abs:PackagesoakpadInd>
        </Abs:ScaleUnitDimension>
        <Abs:CommonItemGroup>
            <Abs:CommonRetailCd>0</Abs:CommonRetailCd>
            <Abs:ComparisonItemTypeCd>0</Abs:ComparisonItemTypeCd>
        </Abs:CommonItemGroup>
        <Abs:ItemSourcingType>
            <Abs:DSDInd>N</Abs:DSDInd>
            <Abs:WarehouseInd>Y</Abs:WarehouseInd>
            <Abs:ManufacturingPlantInd>N</Abs:ManufacturingPlantInd>
            <Abs:StoreCreatedItemInd>N</Abs:StoreCreatedItemInd>
        </Abs:ItemSourcingType>
        <Abs:Brand>
            <Abs:BrandCd>0</Abs:BrandCd>
        </Abs:Brand>
        <Abs:RingTypeCd>20</Abs:RingTypeCd>
        <Abs:DemographicCd>0</Abs:DemographicCd>
        <Abs:FoodStampCd>1</Abs:FoodStampCd>
        <Abs:HiconeInd>0</Abs:HiconeInd>
        <Abs:TradingStampCd>1</Abs:TradingStampCd>
        <Abs:SalesRestrictionCd>20</Abs:SalesRestrictionCd>
        <Abs:VendorCouponGroupCd>0</Abs:VendorCouponGroupCd>
        <Abs:MixAndMatchGroupCd>0</Abs:MixAndMatchGroupCd>
        <Abs:DepartmentOverrideCd>0</Abs:DepartmentOverrideCd>
        <Abs:UnitPriceMeasureCd>12</Abs:UnitPriceMeasureCd>
        <Abs:PricerCommentTxt></Abs:PricerCommentTxt>
        <Abs:ReviewCd></Abs:ReviewCd>
        <Abs:LastFileMaintenanceDt>0001-01-01</Abs:LastFileMaintenanceDt>
        <Abs:ScaleData>
            <Abs:ScaleShelfLifeUseByDays>0</Abs:ScaleShelfLifeUseByDays>
            <Abs:ScaleMessageCd>0</Abs:ScaleMessageCd>
            <Abs:ScaleActionNbr>0</Abs:ScaleActionNbr>
            <Abs:ScaleDestCd>0</Abs:ScaleDestCd>
            <Abs:ScaleGradeCd></Abs:ScaleGradeCd>
            <Abs:ScaleActionCd>0</Abs:ScaleActionCd>
            <Abs:SellByDaysNbr>0</Abs:SellByDaysNbr>
            <Abs:ScalePullByDaysNbr>0</Abs:ScalePullByDaysNbr>
            <Abs:ScaleGraphic1Nbr>0</Abs:ScaleGraphic1Nbr>
            <Abs:ScaleGraphic2Nbr>0</Abs:ScaleGraphic2Nbr>
            <Abs:ScalePLUCd>0</Abs:ScalePLUCd>
            <Abs:ScaleNetWt>0</Abs:ScaleNetWt>
            <Abs:ScaleNetWtUOM></Abs:ScaleNetWtUOM>
        </Abs:ScaleData>
        <Abs:CouponTypeInd></Abs:CouponTypeInd>
        <Abs:CouponFamilyCd>0</Abs:CouponFamilyCd>
        <Abs:PricerequiredInd></Abs:PricerequiredInd>
        <Abs:NonCashAccountNbr>0</Abs:NonCashAccountNbr>
        <Abs:NonCashAccountType></Abs:NonCashAccountType>
        <Abs:SignCount1>0</Abs:SignCount1>
        <Abs:SignCount2>0</Abs:SignCount2>
        <Abs:SignCount3>1</Abs:SignCount3>
        <Abs:NIMInfoInd></Abs:NIMInfoInd>
        <Abs:SubClubGroup1Id>0</Abs:SubClubGroup1Id>
        <Abs:SubClubGroup2Id>0</Abs:SubClubGroup2Id>
        <Abs:GiftCardTypeInd></Abs:GiftCardTypeInd>
        <Abs:OrganicItemInd></Abs:OrganicItemInd>
        <Abs:HazardousItemInd></Abs:HazardousItemInd>
        <Abs:OrgMasterNameType>
            <Abs:OrgEntityType>ROG</Abs:OrgEntityType>
            <Abs:OrgEntityValue>RDAL</Abs:OrgEntityValue>
        </Abs:OrgMasterNameType>
    </RetailItemData>
</GetItemMasterRetail>