{
  "header": 
	  {
		"createdDate":"2019-03-01 19:43:37 +0100",
		"modifiedDate":"2019-03-01 19:43:37 +0100",
		"StoreId":2563
	  }, 
  "BPN": 960064353, 
  "UPC":["008680086009","008680086010"],
  "PLU":[94623, 0],
  "CIC":[84710848,84710915,84710922],
  "name":"Kale Red Organic - 1 Bunch",
   "itemDimension": {
       "length": 0.000,
	   "height": 0.000,
	   "weight": 0.000
   },  
   "itemPriceFactor":{
       "unitOfMeasure": 1.000,
	   "soldBy": "EA",
	   "averageWeight":0.00
   },
   "itemHierarchy":{
	    "deptDesc": "84",
	     "catDesc": "71",
	     "subCatDesc": "21"
   },
   "itemDsd":"",
   "itemDeliveryInfo":{
	      "tempZone":"CM"
   },
   "itemRegularPrice": 2.49

}
