[{
  "storeID": "1574",
  "BPN": "109900253",
  "UPC": [
    "007989340301","009680086309","009680086409","009680086509","009680086609","009680086709","009680086809"
  ],
  "CIC": [
    "9900253"
  ],
  "name": "McCormick Seasoning Mix Fajita - 1.12 Oz",
  "itemDimension": {
    "height": "000005.700",
    "length": "000000.230",
    "width": "000004.030"
  },
  "itemPriceFactor": {
    "unitOfMeasure": "Oz",
    "soldBy": "EA",
    "averageWeight": "000.00"
  },
  "itemHierarchy": {
    "groupDesc": "05",
    "catDesc": "25",
    "classDesc": "10"
  },
  "itemDeliveryInfo": {
    "tempZone": "AM"
  },
  "EAN": [
    "0005210002121"
  ],
  "itemRegularPrice": "1.67"
},
{
  "storeID": "1574",
  "BPN": "105250341",
  "UPC": [
    "0008210002121","0008210002122","0008210002123","0008210002124","0008210002125","0008210002126","0008210002127"
  ],
  "CIC": [
    "05250069"
  ],
  "name": "McCormick Seasoning Mix Fajita - 1.12 Oz",
  "itemDimension": {
    "height": "000005.700",
    "length": "000000.230",
    "width": "000004.030"
  },
  "itemPriceFactor": {
    "unitOfMeasure": "Oz",
    "soldBy": "EA",
    "averageWeight": "000.00"
  },
  "itemHierarchy": {
    "groupDesc": "05",
    "catDesc": "25",
    "classDesc": "10"
  },
  "itemDeliveryInfo": {
    "tempZone": "AM"
  },
  "EAN": [
    "0005210002121"
  ],
  "itemRegularPrice": "1.67"
}]