[{
  "storeID": "3116",
  "BPN": "109900253",
  "UPC": [
    "008680086709","008680086309","008680086409","008680086509","008680086609"
  ],
  "CIC": [
    "9900253"
  ],
  "name": "O Organics Organic Popcorn Simply Salted - 3-3 Oz",
  "itemDimension": {
    "height": "000005.700",
    "length": "000000.230",
    "width": "000004.030"
  },
  "itemPriceFactor": {
    "unitOfMeasure": "Oz",
    "soldBy": "EA",
    "averageWeight": "000.00"
  },
  "itemHierarchy": {
    "groupDesc": "05",
    "catDesc": "25",
    "classDesc": "10"
  },
  "itemDeliveryInfo": {
    "tempZone": "AM"
  },
  "EAN": [
    "0005210002121"
  ],
  "itemRegularPrice": "1.67"
},
{
  "storeID": "3116",
  "BPN": "105250341",
  "UPC": [
    "0005210002121","0005210002122","0005210002123","0005210002124","0005210002125"
  ],
  "CIC": [
    "05250069"
  ],
  "name": "McCormick Seasoning Mix Fajita - 1.12 Oz",
  "itemDimension": {
    "height": "000005.700",
    "length": "000000.230",
    "width": "000004.030"
  },
  "itemPriceFactor": {
    "unitOfMeasure": "Oz",
    "soldBy": "EA",
    "averageWeight": "000.00"
  },
  "itemHierarchy": {
    "groupDesc": "05",
    "catDesc": "25",
    "classDesc": "10"
  },
  "itemDeliveryInfo": {
    "tempZone": "AM"
  },
  "EAN": [
    "0005210002121"
  ],
  "itemRegularPrice": "1.67"
}]