{
 "orderNumber": "234536376",
 "versionNumber": 2,
 "companyId": "1",
 "storeNumber": "1502",
 "orderCreatedDate": "2019-03-15T13:54:26.376Z",
 "messageAction": "UPDATE",
 "sourceInfo": {
  "source": "ECOMMERCE",
  "enteredBy": "CUSTOMER",
  "deviceType": "WEB"
 },
 "orderTotal": {
  "amount": 63.29,
  "currency": "USD"
 },
 "customer": {
  "customerId": "2345366",
  "clubCardNumber": "3425563673",
  "isSubscription": true,
  "name": {
   "firstName": "John",
   "middleName": "",
   "lastName": "Doe"
  },
  "address": [
   {
    "addressType": "SHIP-TO",
    "addressLine1": "1111 Broadway",
    "addressLine2": "Suite 1000",
    "addressLine3": "",
    "city": "Oakland",
    "state": "CA",
    "zipCode": "94588",
    "country": "US"
   }
  ],
  "contact": [
   {
    "number": "9258889999",
    "type": "MOBILE"
   }
  ],
  "email": [
   {
    "id": "johndoe@example.com",
    "type": "PERSONAL"
   }
  ],
  "preference": {
   "termsCheckedVersionId": "4",
   "optIn":[
    {
     "type":"text",
     "id":"9258007896",
     "isOptIn":true
    },
    {
     "type":"email",
     "id":"johndoe@example.com",
     "isOptIn":true
    }
   ]
  }
 },
 "paymentDetails": [
  {
   "paymentType": "CREDITCARD",
   "paymentSubType": "VISA",
   "tokenNumber": "2345234567853456",
   "cardExpiryMonth": "02",
   "cardExpiryYear": "2019",
   "zipcode": "94536",
   "securityCode": "1",
   "reqAuthorizationAmount": "124.34", "address": {
   "addressType": "BILL-TO",
   "addressLine1": "1111 Broadway",
   "addressLine2": "Suite 1000",
   "addressLine3": "",
   "city": "Oakland",
   "state": "CA",
   "zipCode": "94588",
   "country": "US"
  }, "paymentStatus": {
   "status": "AUTHORIZED",
   "authorizationCode": "1345F3",
   "authorizationDate": ""
  }
  }
 ],
 "deliveryInfo": {
  "deliveryType": "DELIVERY",
  "deliverySubType": "RESIDENTIAL",
  "slotInfo": {
   "slotType": "REGULAR",
   "slotId": "234",
   "timeZone": "PST",
   "deliveryDate": "2019-03-15",
   "startTime": "8.00 AM",
   "endTime": "12.00 PM",
   "shiftNumber": "08",
   "editingCutoffDate": "2019-03-15T13:54:26.376Z"
  },
  "deliveryServiceType": "ATTENDED",
  "instructions": "leave package at the door",
  "pickupInfo": {
   "locationType": "STORE",
   "locationId": "1211"
  }
 },
 "charges": [
  {
   "id": "0000000022155",
   "name": "Delivery Charge",
   "category": "Shipping",
   "chargeAmount":{
    "amount":3.95,
    "currency":"USD"
   }
  }
 ],
 "promoCodes": [
  {
   "code": "SDAFERT3425"
  }
 ],
 "orderLines": [
  {
   "itemId": "289052285",
   "itemDescription": "Signature SELECT Juice Apple - 64 Fl. Oz.",
   "orderedQuantity": 10,
   "unitOfMeasure": "EACH",
   "unitPrice": 9.9,
   "substitutionValue": "Same Size Diff Brand",
   "isRegulatedItem": true,
   "comments": "These are comments for OrderItem"
  }
 ]
}