<?xml version="1.0" encoding="UTF-8"?>
<GetAuthorizedItem xmlns:Abs="http://collab.safeway.com/it/architecture/info/default.aspx">
   <DocumentData>
      <Document>
         <Abs:DocumentNm>GetAuthorizedItem</Abs:DocumentNm>
         <Abs:CreationDt>2019-11-05T00:25:47.517Z</Abs:CreationDt>
         <Abs:Description>Authorized Item for Direct store delivery</Abs:Description>
         <Abs:SourceApplicationCd>Mainframe(SSIMS)</Abs:SourceApplicationCd>
         <Abs:TargetApplicationCd>EDIS</Abs:TargetApplicationCd>
         <Abs:DataClassification>
            <Abs:DataClassificationLevel>
               <Abs:Code>Internal</Abs:Code>
            </Abs:DataClassificationLevel>
            <Abs:BusinessSensitivityLevel>
               <Abs:Code>Medium</Abs:Code>
            </Abs:BusinessSensitivityLevel>
            <Abs:PHIdataInd>N</Abs:PHIdataInd>
            <Abs:PCIdataInd>N</Abs:PCIdataInd>
            <Abs:PIIdataInd>N</Abs:PIIdataInd>
         </Abs:DataClassification>
      </Document>
      <DocumentAction>
         <Abs:ActionTypeCd>UPDATE</Abs:ActionTypeCd>
         <Abs:RecordTypeCd>CHANGE</Abs:RecordTypeCd>
      </DocumentAction>
   </DocumentData>
   <AuthorizedItemData>
      <Abs:CorporationId>001</Abs:CorporationId>
      <Abs:DivisionId>05</Abs:DivisionId>
      <Abs:RetailStoreId>0017</Abs:RetailStoreId>
      <Abs:RetailStoreAuthorizedItem>
         <Abs:AuthorizedVendor>
            <Abs:VendorId>019412</Abs:VendorId>
            <Abs:VendorSubAccountNbr>002</Abs:VendorSubAccountNbr>
            <Abs:BDRVendorId>902</Abs:BDRVendorId>
            <Abs:VendorNm>NIAGARA BOTTLING LLC</Abs:VendorNm>
         </Abs:AuthorizedVendor>
         <Abs:AuthorizedVendorItem>
            <Abs:CorporateItemCd>3200376</Abs:CorporateItemCd>
            <Abs:EffectiveStartDt>2019-11-05</Abs:EffectiveStartDt>
            <Abs:EffectiveEndDt>9999-12-31</Abs:EffectiveEndDt>
         </Abs:AuthorizedVendorItem>
      </Abs:RetailStoreAuthorizedItem>
   </AuthorizedItemData>
</GetAuthorizedItem>